rider_id,arrival_week,arrival_time,pickup_lat,pickup_lon,dropoff_lat,dropoff_lon,pickup_area,dropoff_area,solo_length,quoted_price,convert_or_not,waiting_time,matching_outcome
10281,6,2.0,41.9939301285,-87.7583535876,41.96581197,-87.6558787862,12,3,5.610484456588598,0.8305140496433834,0,,
10282,6,3.0,41.8059116993,-87.5874792581,41.8679024175,-87.6429586652,39,28,5.1479972106916,0.634605234170833,0,,
10286,6,9.0,41.859349715,-87.6173580061,41.8809944707,-87.6327464887,33,32,1.6921655669011937,0.5693062943536744,0,,
10288,6,12.0,41.7761636931,-87.5799482481,41.8919715078,-87.6129454143,42,8,8.17988374942282,0.5140543303096007,0,,
10289,6,12.0,41.8788655841,-87.6251921424,41.8090182499,-87.6591665992,32,61,5.13305711453963,0.6458723929288688,0,,
10290,6,16.0,41.9347624564,-87.6398538587,41.897983898,-87.6414915334,6,8,2.542550918246913,0.4229271908565208,0,,
10294,6,25.0,41.9347624564,-87.6398538587,41.962178629,-87.6453787624,6,3,1.915435389036907,0.5704455571339431,0,,
10296,6,43.0,41.9540276487,-87.7633990316,41.9012069941,-87.6763559892,15,24,5.774061909124709,0.6784600516909935,0,,
10298,6,51.0,41.817397869,-87.6920317308,41.8266634583,-87.6799067059,58,59,0.8942112714805347,0.714370191801972,0,,
10299,6,51.0,41.7759288274,-87.6665962653,41.7632467988,-87.6161341112,67,69,2.744074772197166,0.5912412253459083,0,,
10301,6,53.0,41.7412427285,-87.551428197,41.7771962546,-87.6424975271,46,68,5.310571171025397,0.6985263091032011,0,,
10303,6,53.0,41.713148612,-87.6750753124,41.8129489392,-87.6178596758,72,38,7.499571154320125,0.722552028247013,0,,
10306,6,62.0,41.9595267906,-87.7020985409,41.9448137543,-87.6907750098,16,5,1.1713168797514266,0.6347215253117148,0,,
10308,6,65.0,41.7615779081,-87.5727819867,41.8090182499,-87.6591665992,43,61,5.527277381653348,0.6003183604538953,0,,
10309,6,65.0,41.8390869059,-87.714003807,41.8361501547,-87.6487879519,30,60,3.3632585238375063,0.5932892778108279,0,,
10311,6,74.0,41.962178629,-87.6453787624,41.8983317935,-87.6207628651,3,8,4.589276290878011,0.523702494169556,0,,
10312,6,75.0,41.8201978877,-87.6101001049,41.8162234797,-87.6516929533,38,61,2.1592668158818884,0.5782626324119808,0,,
10314,6,80.0,41.958055933,-87.6603894557,41.8809944707,-87.6327464887,3,32,5.510840052675438,0.6882484178691488,0,,
10317,6,85.0,41.7412427285,-87.551428197,41.8129489392,-87.6178596758,46,38,6.021866027051854,0.6167156293074462,0,,
10318,6,85.0,41.8090182499,-87.6591665992,41.8502663663,-87.667569312,61,31,2.88261915925608,0.6108078396778789,0,,
10320,6,89.0,41.7405850222,-87.6698353627,41.8637871234,-87.6925159284,71,29,8.592236123420472,0.6903361601136047,0,,
10323,6,102.0,41.856309817,-87.644209287,41.8809944707,-87.6327464887,31,32,1.804643920613656,0.5157466388599878,0,,
10324,6,105.0,41.8346735981,-87.6108347373,41.8612808467,-87.6305800611,35,33,2.1005873834823734,0.5531211713520914,0,,
10332,6,127.0,41.8601900192,-87.7172201,41.8108790078,-87.7263633246,29,57,3.439424973265416,0.5433568734162345,0,,
10334,6,130.0,41.7632467988,-87.6161341112,41.7402057565,-87.6159695226,69,44,1.5920070083994122,0.5731707930830554,0,,
10335,6,136.0,41.96581197,-87.6558787862,41.9535821253,-87.7234523905,3,16,3.5732105099896545,0.6062066390020785,0,,
10341,6,149.0,41.7632467988,-87.6161341112,41.728182061,-87.5964755956,69,47,2.6261564871421825,0.6586461903562505,0,,
10342,6,151.0,41.8174924901,-87.686845262,41.8474315472,-87.6635286858,58,31,2.391643649258435,0.6535062530837672,0,,
10344,6,155.0,41.9218549112,-87.6462109769,41.8852813201,-87.6572331997,7,28,2.5897824078325,0.5343246350170218,0,,
10351,6,167.0,41.9492209135,-87.6519703953,41.9217781876,-87.6510618838,6,7,1.8966866854006732,0.5259447415367486,0,,
10354,6,174.0,41.9164733164,-87.6411836567,41.8809944707,-87.6327464887,7,32,2.4894608973362637,0.5787635680391531,0,,
10358,6,187.0,41.8420761168,-87.6339734222,41.8788655841,-87.6251921424,34,32,2.5817624918174755,0.6946166408036454,0,,
10360,6,190.0,41.9836363072,-87.7235831853,41.968069,-87.7215590627,13,14,1.0806118863567504,0.7147418055691652,0,,
10362,6,202.0,41.8173662079,-87.6988607973,41.8390869059,-87.714003807,58,30,1.6911838212582744,0.6536490279546859,0,,
10363,6,204.0,41.8679024175,-87.6429586652,41.8809944707,-87.6327464887,28,32,1.0460842126305716,0.5404364963594612,0,,
10364,6,204.0,41.707311449,-87.5349029012,41.7412427285,-87.551428197,52,46,2.4945052599350004,0.7972462517081451,0,,
10365,6,208.0,41.9540276487,-87.7633990316,41.96581197,-87.6558787862,15,3,5.58393637830709,0.6513437280839731,0,,
10366,6,208.0,41.8809944707,-87.6327464887,41.8853000224,-87.6428084655,32,28,0.596993445391089,0.5112936455309866,0,,
10367,6,211.0,41.9002656868,-87.6321092196,41.8790669938,-87.657005027,8,28,1.945523200239708,0.3711476339997284,0,,
10380,6,236.0,41.8921964292,-87.6842894005,41.8809944707,-87.6327464887,24,32,2.761919889782329,0.4256339739192792,0,,
10381,6,240.0,41.9272609555,-87.7655016086,41.9226862843,-87.6494887289,19,7,5.972233620339379,0.6820316341059862,0,,
10382,6,241.0,41.8601900192,-87.7172201,41.8788655841,-87.6251921424,29,32,4.90765522698588,0.5998607341403943,0,,
10384,6,245.0,41.7402057565,-87.6159695226,41.9477915865,-87.6838349425,44,5,14.762065255832118,0.5367393534231114,0,,
10387,6,248.0,41.9067713317,-87.6810252307,41.8950334495,-87.6197106717,24,8,3.2558084123180677,0.5019074299038871,0,,
10388,6,250.0,41.7923572233,-87.6179313803,41.7759288274,-87.6665962653,40,67,2.7522028676345767,0.6420697498547527,0,,
10392,6,256.0,41.8059116993,-87.5874792581,41.8792550844,-87.642648998,39,28,5.808982629974851,0.6057517672356327,0,,
10395,6,265.0,41.7296764229,-87.5727171342,41.7412427285,-87.551428197,48,46,1.3577446491611551,0.6770926804392609,0,,
10398,6,285.0,41.7771962546,-87.6424975271,41.8601900192,-87.7172201,68,29,6.905566813263363,0.6161530406185973,0,,
10399,6,285.0,41.9227606205,-87.6991553432,41.9012069941,-87.6763559892,22,24,1.8952585465883551,0.5621198471798663,0,,
10402,6,289.0,41.9289672664,-87.6561568309,41.8852813201,-87.6572331997,7,28,3.018918830953686,0.4366063611624242,0,,
10403,6,290.0,41.9867117999,-87.6634164054,41.9442266014,-87.6559981815,76,6,2.960083532104101,0.6809395035691534,0,,
10404,6,296.0,41.9729293173,-87.6502900743,41.9305785697,-87.6422063127,3,7,2.9554943078890403,0.5540068256947527,0,,
10412,6,335.0,41.9506733576,-87.6665362813,41.8852813201,-87.6572331997,6,28,4.543405249908871,0.5822526233888521,0,,
10414,6,335.0,41.8785943576,-87.7302324284,41.7615779081,-87.5727819867,26,43,11.449762871909035,0.5839956609631715,0,,
10416,6,336.0,41.7615779081,-87.5727819867,41.7632467988,-87.6161341112,43,69,2.237241747214385,0.6642480140246755,0,,
10422,6,349.0,41.9218549112,-87.6462109769,41.8809944707,-87.6327464887,7,32,2.906860470021089,0.4576629255219404,0,,
10423,6,357.0,41.7987971043,-87.7086378647,41.8986992296,-87.7088084239,63,23,6.902585039186824,0.7456836600038556,0,,
10425,6,362.0,41.8983317935,-87.6207628651,41.9452823311,-87.6615450961,8,6,3.8625201405374394,0.5435565701357452,0,,
10427,6,369.0,41.6738199043,-87.6357397768,41.899602111,-87.6333080367,53,8,15.600567759538553,0.6005141735269517,0,,
10428,6,378.0,41.794090253,-87.592310855,41.899602111,-87.6333080367,41,8,7.589416543065723,0.562983319888953,0,,
10430,6,379.0,41.9083786693,-87.6709450752,41.8809944707,-87.6327464887,24,32,2.7275606020060383,0.3787282967020131,0,,
10431,6,381.0,41.9425851797,-87.6566440918,41.8920421365,-87.6318639497,6,8,3.717329468725053,0.5490198247851669,0,,
10432,6,385.0,41.7923572233,-87.6179313803,41.8090182499,-87.6591665992,40,61,2.4158095438911382,0.5921315949293755,0,,
10434,6,393.0,41.9573606908,-87.7228222513,41.8932163595,-87.6378442095,16,8,6.2229757111401325,0.5620388411094319,0,,
10440,6,401.0,41.8039458974,-87.6139168534,41.9448137543,-87.6907750098,38,5,10.505596352509052,0.6185603944211451,0,,
10442,6,411.0,41.7923572233,-87.6179313803,41.8089162826,-87.5961833442,40,39,1.6011896871866718,0.6382789432398412,0,,
10444,6,414.0,41.9002212967,-87.6291051864,41.8809944707,-87.6327464887,8,32,1.3415845021953707,0.4912653670752769,0,,
10445,6,415.0,41.8002600946,-87.6175761725,41.8809944707,-87.6327464887,40,32,5.632606897587607,0.5369165579552645,0,,
10446,6,415.0,42.001571027,-87.6950125892,41.9850151008,-87.8045320063,2,10,5.739176096684965,0.6753341786237943,0,,
10447,6,416.0,41.8789144956,-87.7058971305,41.874005383,-87.6635175498,27,28,2.206485481869245,0.6888700307387055,0,,
10448,6,417.0,41.9272609555,-87.7655016086,41.9227606205,-87.6991553432,19,22,3.4247993614930534,0.6141744489711048,0,,
10452,6,423.0,41.922082541,-87.6341560931,41.8852813201,-87.6572331997,7,28,2.8060180104521755,0.5708089512526093,0,,
10453,6,427.0,41.7910416602,-87.6231795767,41.8849871918,-87.6209929134,40,32,6.49199394720093,0.7110212009365962,0,,
10455,6,428.0,41.8048535215,-87.6769677545,41.8480722286,-87.71245035,61,30,3.5006277792810345,0.6756337364244788,0,,
10457,6,431.0,41.8561441046,-87.6489783241,41.7904693995,-87.6012851221,31,41,5.159545506076897,0.5827636829593279,0,,
10460,6,444.0,41.922082541,-87.6341560931,41.8809944707,-87.6327464887,7,32,2.839840623651935,0.5811315752617333,0,,
10462,6,448.0,42.0096228806,-87.6701668569,41.9751709433,-87.6875155152,1,4,2.5416556357323508,0.5686080258293967,0,,
10463,6,450.0,41.8492467545,-87.6241352979,41.8441449609,-87.6829962096,33,31,3.0500056489532508,0.6250684946608077,0,,
10464,6,456.0,41.8346735981,-87.6108347373,41.8382957974,-87.6967563395,35,30,4.430159764506805,0.5229526166671851,0,,
10467,6,464.0,41.8849871918,-87.6209929134,41.8349623252,-87.6251541272,32,35,3.4630158087170746,0.6481556633531476,0,,
10470,6,469.0,41.7174930361,-87.6488950721,41.7697780588,-87.7269298425,73,65,5.406876217156251,0.6673521489363103,0,,
10481,6,494.0,41.7065878819,-87.6233665115,41.8788655841,-87.6251921424,49,32,11.903627059457389,0.5784012867939514,0,,
10482,6,495.0,41.804147373,-87.7308284896,41.8774061234,-87.6219716519,57,32,7.551062860323043,0.7892721708196067,0,,
10483,6,499.0,41.7615779081,-87.5727819867,41.874005383,-87.6635175498,43,28,9.064867289037888,0.6384501393120606,0,,
10486,6,506.0,41.8559343655,-87.668574537,41.8920726347,-87.6288741572,31,8,3.225897212499174,0.4877450857702072,0,,
10490,6,524.0,41.7412427285,-87.551428197,41.7296764229,-87.5727171342,46,48,1.3577446491611551,0.7139862320161504,0,,
10496,6,530.0,41.9428725376,-87.701330291,41.8809944707,-87.6327464887,21,32,5.542045797470141,0.6675483726161062,0,,
10499,6,542.0,41.962178629,-87.6453787624,41.8853000224,-87.6428084655,3,28,5.313449006665942,0.5394241353697296,0,,
10500,6,551.0,41.9243470769,-87.7347397536,41.9477915865,-87.6838349425,20,5,3.0772585655831017,0.7193555457645201,0,,
10503,6,559.0,41.7548461015,-87.6101685859,41.7157609069,-87.5748881668,69,51,3.2560350036320616,0.6531823643761904,0,,
10506,6,571.0,41.8351179863,-87.6186777673,41.8502663663,-87.667569312,35,31,2.725576882058512,0.5921189634920678,0,,
10510,6,578.0,41.9502120955,-87.7128142315,41.962178629,-87.6453787624,16,3,3.5622333536377977,0.5821960523446219,0,,
10511,6,580.0,41.9292725315,-87.6738072384,41.8853000224,-87.6428084655,7,28,3.4309676686147026,0.5491749402025673,0,,
10512,6,583.0,41.8634226841,-87.6537566193,41.8809944707,-87.6327464887,28,32,1.625576199393795,0.5730825666956239,0,,
10516,6,593.0,41.859349715,-87.6173580061,41.8950334495,-87.6197106717,33,8,2.4684802714683065,0.6315190946088822,0,,
10518,6,598.0,41.8481796587,-87.702699356,41.7979652088,-87.5896070309,30,41,6.778252407904745,0.5928965265932484,0,,
10519,6,598.0,41.7402057565,-87.6159695226,41.8351179863,-87.6186777673,44,35,6.559294553133615,0.547131937839751,0,,
10520,6,599.0,41.859349715,-87.6173580061,41.9027880476,-87.6261455896,33,8,3.035155919747337,0.5378033561505686,0,,
10521,6,602.0,41.9726679555,-87.6638654956,41.9217014922,-87.6559118484,3,7,3.5450882701104343,0.6635416134043463,0,,
10522,6,610.0,41.859349715,-87.6173580061,41.8852813201,-87.6572331997,33,28,2.7237959089569954,0.6373940070950684,0,,
10523,6,611.0,41.8996701799,-87.6698377982,41.8809944707,-87.6327464887,24,32,2.303191965332726,0.5360442770930871,0,,
10530,6,636.0,41.8785943576,-87.7302324284,41.8788655841,-87.6251921424,26,32,5.403741026718514,0.6775224869566252,0,,
10531,6,639.0,41.9261631049,-87.7610398751,41.9210845826,-87.704648384,19,22,2.920132570300032,0.7171853011409781,0,,
10534,6,648.0,41.7412427285,-87.551428197,41.8571838585,-87.6203346241,46,33,8.761821404852409,0.5922018395459671,0,,
10535,6,648.0,41.859349715,-87.6173580061,41.8792550844,-87.642648998,33,28,1.8933633988675933,0.6521056205271252,0,,
10536,6,649.0,41.795430631,-87.6964352325,41.8390869059,-87.714003807,63,30,3.149104966959223,0.6243434625537739,0,,
10541,6,659.0,41.942577185,-87.6470785093,41.8920421365,-87.6318639497,6,8,3.5781873557539168,0.5748391819717824,0,,
10542,6,663.0,41.9782942489,-87.7164304157,41.9773225823,-87.7522233681,13,12,1.8397060356579464,0.6460060794479304,0,,
10543,6,667.0,41.8365103216,-87.6531587001,41.8474315472,-87.6635286858,60,31,0.9242950744711684,0.6770163412744519,0,,
10545,6,673.0,41.8809944707,-87.6327464887,41.8983317935,-87.6207628651,32,8,1.347174411778701,0.593585454982362,0,,
10546,6,676.0,41.795430631,-87.6964352325,41.9012069941,-87.6763559892,63,24,7.3811564748690595,0.7188673639416305,0,,
10551,6,688.0,41.7615779081,-87.5727819867,41.874005383,-87.6635175498,43,28,9.064867289037888,0.5872219993992587,0,,
10555,6,700.0,41.8351179863,-87.6186777673,41.874005383,-87.6635175498,35,28,3.5417974442781954,0.5198224401677702,0,,
10556,6,705.0,41.9000696026,-87.7209182385,41.9227606205,-87.6991553432,23,22,1.926177568943494,0.5902880212800514,0,,
10565,6,722.0,41.6897299145,-87.6690544032,41.9012069941,-87.6763559892,75,24,14.616514447539366,0.7110061577404904,0,,
10573,6,746.0,41.942859303,-87.717503858,41.9558592583,-87.7948169935,21,17,4.07318027528525,0.6768633444040136,0,,
10575,6,756.0,41.7632467988,-87.6161341112,41.9442266014,-87.6559981815,69,6,12.671693076989513,0.5386628991342137,0,,
10578,6,763.0,41.8089162826,-87.5961833442,41.7925923603,-87.7696154528,39,56,9.003866513744613,0.6241356183219988,0,,
10581,6,775.0,41.942859303,-87.717503858,41.8852813201,-87.6572331997,21,28,5.042763886144872,0.6191370100040938,0,,
10583,6,777.0,41.9287630064,-87.665676837,41.8932163595,-87.6378442095,7,8,2.842566631646854,0.4577193416836999,0,,
10585,6,794.0,41.8329371807,-87.6535834197,41.8679024175,-87.6429586652,60,28,2.4769806475670326,0.6199437620709881,0,,
10586,6,796.0,41.96581197,-87.6558787862,41.9442266014,-87.6559981815,3,6,1.491419546506508,0.6708565395279428,0,,
10587,6,799.0,41.9354389148,-87.693325868,41.8932163595,-87.6378442095,21,8,4.080203877165406,0.6407470767948608,0,,
10590,6,809.0,41.7065878819,-87.6233665115,41.8129489392,-87.6178596758,49,38,7.354327865119138,0.6738748617927537,0,,
10592,6,814.0,41.859349715,-87.6173580061,41.8679024175,-87.6429586652,33,28,1.4437883861115282,0.5182057597674943,0,,
10593,6,814.0,41.8704150003,-87.6750856208,41.8983058696,-87.6536139825,28,24,2.221153929699072,0.4201141111311674,0,,
10594,6,815.0,41.7759288274,-87.6665962653,41.8420761168,-87.6339734222,67,34,4.869364726270938,0.7038754409608575,0,,
10596,6,818.0,41.9636331692,-87.6523653588,41.8932163595,-87.6378442095,3,8,4.922265592064565,0.6472378565362966,0,,
10597,6,822.0,41.8919715078,-87.6129454143,41.9578433752,-87.676373281,8,5,5.598765661596167,0.4913896959424573,0,,
10598,6,824.0,41.9290469366,-87.6513108767,41.8983317935,-87.6207628651,7,8,2.6402188515605047,0.5519864197135618,0,,
10600,6,828.0,41.9939301285,-87.7583535876,41.8785943576,-87.7302324284,12,26,8.098958599759426,0.8092567861333855,0,,
10603,6,840.0,41.7615779081,-87.5727819867,41.7632467988,-87.6161341112,43,69,2.237241747214385,0.5851735675593621,0,,
10608,6,859.0,41.9579038971,-87.671518011,41.785998518,-87.7509342894,6,56,12.560675367428296,0.5104501947767535,0,,
10609,6,860.0,41.9196352314,-87.7296791339,41.9558592583,-87.7948169935,20,17,4.180002500675095,0.7214977756895689,0,,
10610,6,861.0,41.7923572233,-87.6179313803,41.874005383,-87.6635175498,40,28,6.110021526985368,0.6337250744663109,0,,
10611,6,863.0,41.949829346,-87.6439653703,41.814440937,-87.7307334535,6,57,10.364760375082795,0.5604476587908667,0,,
10615,6,876.0,41.8924931672,-87.6647458359,41.8774061234,-87.6219716519,24,32,2.4347088869926545,0.4019103695887727,0,,
10616,6,877.0,41.8706073724,-87.6221729369,41.9210845826,-87.704648384,32,22,5.491450998383649,0.5591978840913355,0,,
10618,6,883.0,41.9289459041,-87.6608925701,41.8852813201,-87.6572331997,7,28,3.022797896995153,0.5740161493882746,0,,
10621,6,885.0,41.9289672664,-87.6561568309,41.8792550844,-87.642648998,7,28,3.504318276931788,0.5047633860754803,0,,
10623,6,887.0,41.7697780588,-87.7269298425,41.7929819032,-87.7242081939,65,62,1.609353672469436,0.7504164515153113,0,,
10625,6,897.0,41.9061678698,-87.7338570193,41.935214804,-87.7443896126,23,19,2.0787163724568227,0.5968830525063554,0,,
10627,6,901.0,41.9636331692,-87.6523653588,41.922082541,-87.6341560931,3,7,3.019549891951216,0.6742797395267612,0,,
10630,6,905.0,41.8710158803,-87.6314065252,41.8852813201,-87.6572331997,32,28,1.6543263531198726,0.5950377503101721,0,,
10635,6,914.0,41.8416911186,-87.6125639471,41.8809944707,-87.6327464887,35,32,2.907421297344503,0.5974404934743839,0,,
10642,6,927.0,41.8706073724,-87.6221729369,41.8631181033,-87.672920435,32,28,2.661926418689991,0.5903576157476568,0,,
10645,6,929.0,41.922082541,-87.6341560931,41.8809944707,-87.6327464887,7,32,2.839840623651935,0.399267153988626,0,,
10646,6,930.0,41.7615779081,-87.5727819867,41.899602111,-87.6333080367,43,8,10.032738650920365,0.5413429686040854,0,,
10647,6,930.0,42.0096228806,-87.6701668569,42.001571027,-87.6950125892,1,2,1.3916636486817582,0.6555765311963336,0,,
10652,6,938.0,41.8983317935,-87.6207628651,41.8853000224,-87.6428084655,8,28,1.447906337863632,0.5365828568257481,0,,
10654,6,943.0,41.9362371791,-87.6564115308,41.8853000224,-87.6428084655,6,28,3.5882530510896204,0.5895868456691438,0,,
10656,6,943.0,41.7402057565,-87.6159695226,41.7615779081,-87.5727819867,44,43,2.671417185146211,0.6661312491211723,0,,
10657,6,949.0,41.9912345323,-87.6573042698,41.9572641084,-87.7308987849,76,16,4.449722085621478,0.651319738423434,0,,
10663,6,961.0,41.9217783562,-87.6414597588,41.8809944707,-87.6327464887,7,32,2.8533020311787025,0.4776811566737722,0,,
10677,6,1007.0,41.96581197,-87.6558787862,41.9442266014,-87.6559981815,3,6,1.491419546506508,0.6835583146833897,0,,
10678,6,1008.0,41.8906088526,-87.7560467111,41.8390869059,-87.714003807,25,30,4.165618043042172,0.4840728633732392,0,,
10679,6,1012.0,41.8809944707,-87.6327464887,41.8920726347,-87.6288741572,32,8,0.7909202513444131,0.6046502411295367,0,,
10682,6,1016.0,41.8679024175,-87.6429586652,41.8416911186,-87.6125639471,28,35,2.393030545748088,0.5716976171045312,0,,
10683,6,1018.0,41.8601900192,-87.7172201,41.8785943576,-87.7302324284,29,26,1.437098605452536,0.5833475170032779,0,,
10684,6,1022.0,41.785998518,-87.7509342894,41.8792550844,-87.642648998,56,28,8.52023662045788,0.5641297864234878,0,,
10685,6,1023.0,41.7896614748,-87.7182200222,41.8081895757,-87.6990971733,62,58,1.6152501330792413,0.7936551242152642,0,,
10687,6,1023.0,41.7615779081,-87.5727819867,41.9272609555,-87.7655016086,43,19,15.147485353681285,0.4664763554319583,0,,
10691,6,1034.0,41.8416911186,-87.6125639471,41.9047120004,-87.7018845586,35,24,6.330723423864894,0.4654682286439395,0,,
10694,6,1039.0,41.9798553089,-87.6940960217,41.9283913974,-87.7049072355,4,22,3.5989495994710583,0.6220545486601742,0,,
10696,6,1041.0,41.7632467988,-87.6161341112,41.794090253,-87.592310855,69,41,2.4593126359921937,0.6633952409709356,0,,
10706,6,1068.0,41.6738199043,-87.6357397768,41.6601360507,-87.60284764,53,54,1.9432189358798977,0.620267402787283,0,,
10709,6,1079.0,41.9217783562,-87.6414597588,41.8852813201,-87.6572331997,7,28,2.648950431566556,0.5016232559231112,0,,
10710,6,1080.0,41.9286190509,-87.685362024,41.8925077809,-87.6262149064,22,8,3.933767285065522,0.4841355217641195,0,,
10712,6,1087.0,41.8741766252,-87.6618611238,41.8710158803,-87.6314065252,28,32,1.5820074727549376,0.4948522620656419,0,,
10714,6,1104.0,41.7622466529,-87.7320590255,41.8986254245,-87.7520115624,65,25,9.47870026507059,0.7855123836308127,0,,
10715,6,1109.0,41.915496209,-87.7101956338,41.8809944707,-87.6327464887,22,32,4.641950308159529,0.5108900459653951,0,,
10718,6,1114.0,41.8329371807,-87.6535834197,41.8849871918,-87.6209929134,60,32,3.968143771820344,0.6534615757635942,0,,
10721,6,1122.0,41.9146162864,-87.6317173661,41.8852813201,-87.6572331997,7,28,2.414542269899501,0.5563988466401922,0,,
10723,6,1124.0,41.8926581076,-87.6525344838,41.8932163595,-87.6378442095,24,8,0.7565446290211756,0.4831301424631439,0,,
10724,6,1126.0,41.7771962546,-87.6424975271,41.899602111,-87.6333080367,68,8,8.470658052273398,0.5775846951367886,0,,
10727,6,1139.0,42.0160464924,-87.6733337784,41.9724370811,-87.6711095263,1,3,3.015287384816925,0.6842498691904004,0,,
10728,6,1140.0,41.9074919303,-87.6357600901,41.8792550844,-87.642648998,8,28,1.9828921993836208,0.3556197470096798,0,,
10730,6,1147.0,41.8408329604,-87.7073712344,41.8849871918,-87.6209929134,30,32,5.391016797020895,0.6458470974403674,0,,
10731,6,1162.0,41.7632467988,-87.6161341112,41.7442051463,-87.6563059862,69,71,2.45326643330865,0.615712183722095,0,,
10733,6,1164.0,41.9217783562,-87.6414597588,41.8950334495,-87.6197106717,7,8,2.1599574316767343,0.5052510277550055,0,,
10736,6,1168.0,41.6738199043,-87.6357397768,41.7457577128,-87.7083657043,53,70,6.223984076173383,0.6203047919021046,0,,
10738,6,1172.0,41.8983058696,-87.6536139825,41.8809944707,-87.6327464887,24,32,1.607076631331333,0.4188625681840089,0,,
10739,6,1174.0,41.8502663663,-87.667569312,41.8601900192,-87.7172201,31,29,2.645578078239509,0.5201791210322502,0,,
10740,6,1175.0,41.9217783562,-87.6414597588,41.9284649843,-87.6950866748,7,22,2.7952324588137656,0.5758141667050243,0,,
10743,6,1180.0,41.8920726347,-87.6288741572,41.7905666284,-87.5940154442,8,41,7.239291624915957,0.5324362375815465,0,,
10744,6,1181.0,41.8849871918,-87.6209929134,41.785998518,-87.7509342894,32,56,9.566830780163729,0.6333410452715456,0,,
10745,6,1185.0,41.7771962546,-87.6424975271,41.7174930361,-87.6488950721,68,73,4.138261575918034,0.7293697518601078,0,,
10749,6,1201.0,41.9465114202,-87.8060200025,41.9535821253,-87.7234523905,17,16,4.270910796703099,0.6741013334371905,0,,
10750,6,1205.0,41.8329371807,-87.6535834197,41.8792550844,-87.642648998,60,28,3.249357329870966,0.6477519196260744,0,,
10755,6,1217.0,41.7632467988,-87.6161341112,41.7615779081,-87.5727819867,69,43,2.237241747214385,0.5679911279186645,0,,
10757,6,1220.0,41.9297962382,-87.7614215937,41.8786674201,-87.6716536214,19,28,5.812827516273422,0.6387513018806769,0,,
10758,6,1221.0,41.8108790078,-87.7263633246,41.8420761168,-87.6339734222,57,34,5.222397243585075,0.6652130648391162,0,,
10761,6,1230.0,41.8924931672,-87.6647458359,41.8809944707,-87.6327464887,24,32,1.827684920070268,0.4064401684507647,0,,
10762,6,1230.0,41.9066839592,-87.7103539349,41.9211259143,-87.6997544065,23,22,1.1369695862004934,0.5432172372478744,0,,
10763,6,1231.0,41.8237128095,-87.6023504372,41.8351179863,-87.6186777673,36,35,1.1522053991820054,0.799273340512872,0,,
10765,6,1238.0,41.8108790078,-87.7263633246,41.899602111,-87.6333080367,57,8,7.778996037613863,0.7595088762059435,0,,
10767,6,1239.0,41.8089162826,-87.5961833442,41.8129489392,-87.6178596758,39,38,1.1505506232344267,0.5230269586157161,0,,
10770,6,1244.0,41.9360865352,-87.6661106945,41.9286190509,-87.685362024,6,22,1.1159712866582745,0.4893264475956888,0,,
10772,6,1252.0,41.8994457693,-87.6893191901,41.8809944707,-87.6327464887,24,32,3.17683476587007,0.5093135511095548,0,,
10773,6,1256.0,41.8809944707,-87.6327464887,41.8637871234,-87.6925159284,32,29,3.296925273343009,0.5151567216685836,0,,
10774,6,1258.0,42.001571027,-87.6950125892,41.9867117999,-87.6634164054,2,76,1.920043740993799,0.6523437724649664,0,,
10776,6,1259.0,41.8565067379,-87.6522612961,41.8920421365,-87.6318639497,31,8,2.670121220240586,0.5372889665929511,0,,
10777,6,1260.0,41.9075200747,-87.6266589003,41.9347624564,-87.6398538587,8,6,2.0007749156281123,0.4380906762471703,0,,
10778,6,1269.0,41.9290776551,-87.6462934762,41.8932163595,-87.6378442095,7,8,2.51557821436094,0.4372650676610292,0,,
10779,6,1270.0,42.001571027,-87.6950125892,41.96581197,-87.6558787862,2,3,3.1849826565010004,0.6048494326913656,0,,
10784,6,1282.0,41.8919483818,-87.6891259086,41.9290469366,-87.6513108767,24,7,3.217297660417073,0.4920728268600768,0,,
10788,6,1294.0,41.7925923603,-87.7696154528,41.9442266014,-87.6559981815,56,6,11.997514931924355,0.5827158062748463,0,,
10791,6,1300.0,41.7815318023,-87.7716332109,41.785998518,-87.7509342894,64,56,1.1101789014582375,0.7976014081483274,0,,
10794,6,1320.0,41.8906088526,-87.7560467111,41.9477915865,-87.6838349425,25,5,5.421513693307875,0.5337062132539173,0,,
10805,6,1356.0,41.8774061234,-87.6219716519,41.7696904664,-87.5813495087,32,43,7.730759489049025,0.5555584169251744,0,,
10806,6,1356.0,41.9211259143,-87.6997544065,41.9504425991,-87.6835062305,22,5,2.190993369368235,0.54416178477869,0,,
10808,6,1359.0,41.8785943576,-87.7302324284,41.8601900192,-87.7172201,26,29,1.437098605452536,0.7368440347630605,0,,
10814,6,1388.0,41.713148612,-87.6750753124,41.7788768603,-87.5949254391,72,42,6.139701736339829,0.8205256435433836,0,,
10815,6,1389.0,41.8783232529,-87.6986740167,41.8809944707,-87.6327464887,27,32,3.396554815475484,0.6115233759083256,0,,
10816,6,1392.0,41.8601900192,-87.7172201,41.8788655841,-87.6251921424,29,32,4.90765522698588,0.613845233903871,0,,
10818,6,1398.0,41.8906088526,-87.7560467111,41.8788655841,-87.6251921424,25,32,6.779796161807767,0.6261308490971671,0,,
10820,6,1402.0,41.9157411934,-87.6922563262,41.8786674201,-87.6716536214,22,28,2.772051992195208,0.5705830072641528,0,,
10822,6,1410.0,41.9850151008,-87.8045320063,41.9540276487,-87.7633990316,10,15,3.008147622511661,0.7808298569823976,0,,
10826,6,1415.0,41.7402057565,-87.6159695226,41.899602111,-87.6333080367,44,8,11.04936660536928,0.6862634749535198,0,,
10827,6,1417.0,41.8130462951,-87.6187195937,41.8679024175,-87.6429586652,38,28,3.990283283708477,0.6339992073923856,0,,
10829,6,1425.0,41.9157074085,-87.6995967918,41.9058577688,-87.6308650266,22,8,3.599002305729329,0.5564470519412,0,,
10831,6,1428.0,41.9000696026,-87.7209182385,41.9227606205,-87.6991553432,23,22,1.926177568943494,0.4923708751203371,0,,
10833,6,1431.0,41.8920421365,-87.6318639497,41.8809944707,-87.6327464887,8,32,0.7646697018195042,0.4617956877682657,0,,
10835,6,1433.0,41.9432371225,-87.6434709559,41.8853000224,-87.6428084655,6,28,4.003217280733667,0.5123363677118694,0,,
10838,6,1436.0,41.785998518,-87.7509342894,41.8204569069,-87.6006915709,56,36,8.096214868893911,0.6832814495088185,0,,
10840,6,1444.0,41.8090844303,-87.6324245245,41.7759288274,-87.6665962653,37,67,2.889047963277213,0.7816346658339668,0,,
10841,6,1446.0,41.859349715,-87.6173580061,41.8809944707,-87.6327464887,33,32,1.6921655669011937,0.620478373359245,0,,
10843,6,1447.0,41.9425851797,-87.6566440918,41.8991556134,-87.6262105324,6,8,3.3841016530261183,0.4932220743989442,0,,
10844,6,1450.0,41.8601900192,-87.7172201,41.7457577128,-87.7083657043,29,70,7.919660756656557,0.690301337383588,0,,
10846,6,1452.0,41.8809944707,-87.6327464887,41.8786674201,-87.6716536214,32,28,2.007957709650249,0.4584019248407818,0,,
10847,6,1454.0,41.8563332167,-87.6595642391,41.9284649843,-87.6950866748,31,22,5.308164111612723,0.5582110855854061,0,,
10849,6,1457.0,41.9066385418,-87.6895798343,41.8792550844,-87.642648998,24,28,3.066930224709535,0.4367271217759012,0,,
10851,6,1464.0,41.9939301285,-87.7583535876,41.9867117999,-87.6634164054,12,76,4.900868546223856,0.7755612720575737,0,,
10852,6,1465.0,41.707311449,-87.5349029012,41.9243470769,-87.7347397536,52,20,18.187000550699047,0.7044523884949534,0,,
10853,6,1467.0,41.7759288274,-87.6665962653,41.8129489392,-87.6178596758,67,38,3.584030083125261,0.6263552722475086,0,,
10854,6,1468.0,41.9012069941,-87.6763559892,41.9477915865,-87.6838349425,24,5,3.241570110675056,0.4147805837604276,0,,
10856,6,1472.0,41.8268319106,-87.6637988716,41.8162234797,-87.6516929533,59,61,0.9621833068085226,0.664911841877858,0,,
10857,6,1472.0,41.96581197,-87.6558787862,41.9751709433,-87.6875155152,3,4,1.7491073423708956,0.6641591408412227,0,,
10858,6,1477.0,41.922082541,-87.6341560931,41.8809944707,-87.6327464887,7,32,2.839840623651935,0.5597952085072193,0,,
10859,6,1479.0,41.8237128095,-87.6023504372,41.8351179863,-87.6186777673,36,35,1.1522053991820054,0.7515165574541058,0,,
10865,6,1491.0,41.8420761168,-87.6339734222,41.874005383,-87.6635175498,34,28,2.679252761749501,0.6066081639482384,0,,
10875,6,1514.0,41.8906088526,-87.7560467111,41.8089162826,-87.5961833442,25,39,9.977749663013034,0.4844706300113781,0,,
10877,6,1516.0,41.9201527839,-87.780270163,41.9558592583,-87.7948169935,19,17,2.577883511206639,0.643352533683777,0,,
10879,6,1525.0,41.8274416865,-87.6192497579,41.8706073724,-87.6221729369,35,32,2.986257166531681,0.5724205532732735,0,,
10881,6,1534.0,41.7929819032,-87.7242081939,41.8789144956,-87.7058971305,62,27,6.011737499665136,0.6061136926026142,0,,
10886,6,1549.0,41.8601900192,-87.7172201,41.8788655841,-87.6251921424,29,32,4.90765522698588,0.6862676350630127,0,,
10887,6,1549.0,41.9094956686,-87.630963601,41.8809944707,-87.6327464887,8,32,1.9713789100850352,0.4656477082689059,0,,
10888,6,1550.0,41.994059824,-87.6946307194,41.9900642527,-87.7239678299,2,13,1.531628673078125,0.6356791678363727,0,,
10889,6,1551.0,41.8906088526,-87.7560467111,41.9535821253,-87.7234523905,25,16,4.662546161672341,0.5531873491945073,0,,
10890,6,1551.0,41.8932163595,-87.6378442095,41.7904693995,-87.6012851221,8,41,7.344322818687094,0.5475084365060382,0,,
10891,6,1552.0,41.7457577128,-87.7083657043,41.8788655841,-87.6251921424,70,32,10.145376403560366,0.6355553977476852,0,,
10892,6,1555.0,41.8558061709,-87.6746905879,41.8909220259,-87.6188683546,31,8,3.7596557789815583,0.5955941452594937,0,,
10896,6,1560.0,41.7402057565,-87.6159695226,41.8788655841,-87.6251921424,44,32,9.592247820074336,0.7012082892945002,0,,
10899,6,1568.0,41.9243470769,-87.7347397536,41.9227606205,-87.6991553432,20,22,1.8326064713005483,0.7090223815961332,0,,
10907,6,1600.0,41.9226862843,-87.6494887289,41.9442266014,-87.6559981815,7,6,1.525440119540018,0.48875826574186,0,,
10908,6,1603.0,41.9075200747,-87.6266589003,41.8809944707,-87.6327464887,8,32,1.859295941058006,0.5112490320558906,0,,
10909,6,1603.0,41.906025969,-87.6753116216,41.8809944707,-87.6327464887,24,32,2.789963896123921,0.4991856608177538,0,,
10910,6,1611.0,41.9606756968,-87.7524091367,41.9363101308,-87.6515625922,15,6,5.448888070915002,0.5582436908707963,0,,
10911,6,1613.0,41.8783232529,-87.6986740167,41.8420111804,-87.6220364612,27,35,4.674127501221932,0.6685588009212953,0,,
10913,6,1614.0,41.9801575735,-87.6522740174,41.8679024175,-87.6429586652,76,28,7.770862154509828,0.6938445875168768,0,,
10914,6,1623.0,41.8919715078,-87.6129454143,41.8809944707,-87.6327464887,8,32,1.2698928813241597,0.3937363208570649,0,,
10915,6,1623.0,41.8090182499,-87.6591665992,41.8502663663,-87.667569312,61,31,2.88261915925608,0.6050241555084634,0,,
10921,6,1629.0,41.9490605256,-87.6616429039,41.8983317935,-87.6207628651,6,8,4.086774271852478,0.5768810984836974,0,,
10923,6,1636.0,42.0096228806,-87.6701668569,41.9535821253,-87.7234523905,1,16,4.741612546817965,0.7014231362329215,0,,
10926,6,1638.0,41.8909220259,-87.6188683546,41.7905666284,-87.5940154442,8,41,7.050924357528672,0.4230050488033056,0,,
10930,6,1647.0,41.6906333472,-87.5700582686,41.7296764229,-87.5727171342,51,48,2.701103450178367,0.7352363014169643,0,,
10931,6,1649.0,41.8932163595,-87.6378442095,41.9833308063,-87.681993542,8,4,6.6269033490731575,0.4543754563867427,0,,
10934,6,1655.0,41.8551039667,-87.7322454045,41.8950334495,-87.6197106717,29,8,6.413316639783082,0.5973969044683171,0,,
10939,6,1662.0,41.8201978877,-87.6101001049,41.7905062613,-87.5831437169,38,41,2.477119920408494,0.6062170551007375,0,,
10940,6,1667.0,41.9363101308,-87.6515625922,41.8852813201,-87.6572331997,6,28,3.5377907537869584,0.5053916132605116,0,,
10946,6,1686.0,41.8926581076,-87.6525344838,41.9058577688,-87.6308650266,24,8,1.4400238319461278,0.5481204696598737,0,,
10948,6,1693.0,41.8351179863,-87.6186777673,41.7615779081,-87.5727819867,35,43,5.604159791842882,0.5438086334467827,0,,
10951,6,1700.0,41.8679024175,-87.6429586652,41.6834041303,-87.572162863,28,51,13.25929410147819,0.5273887883867042,0,,
10955,6,1711.0,41.9227606205,-87.6991553432,41.874005383,-87.6635175498,22,28,3.83497561207322,0.6071045908854659,0,,
10957,6,1718.0,41.9672886138,-87.6524349997,41.8849871918,-87.6209929134,3,32,5.911733310100406,0.6674757766640427,0,,
10960,6,1721.0,41.874005383,-87.6635175498,41.8299223039,-87.6725026464,28,59,3.0807535643086226,0.4367483334205323,0,,
10961,6,1726.0,41.7615779081,-87.5727819867,41.795430631,-87.6964352325,43,63,6.786983871239815,0.5929133854910309,0,,
10966,6,1739.0,41.859349715,-87.6173580061,41.9579038971,-87.671518011,33,6,7.356920195890043,0.624516609308511,0,,
10968,6,1741.0,41.7296764229,-87.5727171342,41.7402057565,-87.6159695226,48,44,2.345747986465158,0.7618349757355112,0,,
10970,6,1743.0,41.8994222543,-87.684490122,41.8809944707,-87.6327464887,24,32,2.950312249299142,0.5418895399685175,0,,
10971,6,1743.0,41.9751709433,-87.6875155152,41.874005383,-87.6635175498,4,28,7.097906931656217,0.6460568725457889,0,,
10975,6,1751.0,41.9002656868,-87.6321092196,41.8809944707,-87.6327464887,8,32,1.3319175992935932,0.5456248588806418,0,,
10979,6,1759.0,41.7442051463,-87.6563059862,41.8601900192,-87.7172201,71,29,8.60606062141953,0.55470917861335,0,,
10981,6,1760.0,41.9094956686,-87.630963601,41.8852813201,-87.6572331997,8,28,2.150433829722028,0.4942941962432053,0,,
10987,6,1778.0,41.9243470769,-87.7347397536,41.9535821253,-87.7234523905,20,16,2.1016033057918224,0.7408105300410883,0,,
10990,6,1782.0,41.9383912577,-87.6385749205,41.9049353016,-87.6499072264,6,8,2.3838711679426035,0.5315437057496606,0,,
10993,6,1787.0,41.9067077917,-87.6846859492,41.8920421365,-87.6318639497,24,8,2.89934082672177,0.4884793546124483,0,,
10994,6,1788.0,41.7925923603,-87.7696154528,41.8108790078,-87.7263633246,56,57,2.5611053331749307,0.6850691044550472,0,,
10995,6,1790.0,41.7923572233,-87.6179313803,41.7061257523,-87.5982558383,40,50,6.043738111457694,0.6864695264725985,0,,
10996,6,1791.0,41.7632467988,-87.6161341112,41.8785943576,-87.7302324284,69,26,9.901141009120382,0.661707049975405,0,,
11004,6,1801.0,41.9587978628,-87.7383939059,41.8809944707,-87.6327464887,16,32,7.641903878309379,0.5187923077260357,0,,
11007,6,1813.0,41.962178629,-87.6453787624,41.9049353016,-87.6499072264,3,8,3.9619804609480775,0.5598019354672984,0,,
11009,6,1817.0,41.8173662079,-87.6988607973,41.8788655841,-87.6251921424,58,32,5.694929608383235,0.7061229906985205,0,,
11013,6,1827.0,41.8789144956,-87.7058971305,41.8601900192,-87.7172201,27,29,1.418859643854666,0.6844157755714357,0,,
11014,6,1828.0,41.8301172027,-87.723804133,41.7653303702,-87.7172073437,30,65,4.48922211049259,0.66353810423345,0,,
11019,6,1843.0,41.8416911186,-87.6125639471,41.8809944707,-87.6327464887,35,32,2.907421297344503,0.6419301425155609,0,,
11020,6,1844.0,41.8299223039,-87.6725026464,41.8788655841,-87.6251921424,59,32,4.166982793084642,0.6885523544743828,0,,
11022,6,1848.0,41.8311571825,-87.638333371,41.8809944707,-87.6327464887,60,32,3.4554110343478475,0.5529989463932554,0,,
11025,6,1852.0,41.7923572233,-87.6179313803,41.899602111,-87.6333080367,40,8,7.45206273514712,0.7138793093255346,0,,
11027,6,1863.0,41.8995897957,-87.6747191345,41.8792550844,-87.642648998,24,28,2.166796923285846,0.5249136869341974,0,,
11029,6,1865.0,41.958055933,-87.6603894557,41.814440937,-87.7307334535,3,57,10.561983407871397,0.5270370788387452,0,,
11030,6,1867.0,41.8204569069,-87.6006915709,41.8809944707,-87.6327464887,36,32,4.496341200251413,0.6483280735363819,0,,
11031,6,1870.0,41.9535821253,-87.7234523905,41.874005383,-87.6635175498,16,28,6.302920617777979,0.6198695119789129,0,,
11034,6,1875.0,41.874005383,-87.6635175498,41.9012069941,-87.6763559892,28,24,1.992092065705068,0.5383368617486278,0,,
11035,6,1878.0,41.8173662079,-87.6988607973,41.8351179863,-87.6186777673,58,35,4.306683546748232,0.6192958824877126,0,,
11036,6,1883.0,41.8789144956,-87.7058971305,41.874005383,-87.6635175498,27,28,2.206485481869245,0.6295793383658165,0,,
11038,6,1888.0,41.9268111821,-87.6426052473,41.8849871918,-87.6209929134,7,32,3.09610047012649,0.5816764684514942,0,,
11040,6,1891.0,41.8950334495,-87.6197106717,41.8809944707,-87.6327464887,8,32,1.1791937881046692,0.4710817425705088,0,,
11041,6,1891.0,41.8561441046,-87.6489783241,41.8631181033,-87.672920435,31,28,1.3229259560579512,0.4463129780528772,0,,
11044,6,1900.0,41.7925923603,-87.7696154528,41.7296764229,-87.5727171342,56,48,11.039773151608705,0.6375201937731292,0,,
11045,6,1901.0,41.968069,-87.7215590627,41.8788655841,-87.6251921424,14,32,7.907568439379353,0.5499137063997298,0,,
11049,6,1909.0,41.8906088526,-87.7560467111,41.899602111,-87.6333080367,25,8,6.343077372154883,0.5403745989620635,0,,
11051,6,1915.0,41.8741766252,-87.6618611238,41.946489764,-87.647113634,28,6,5.053577691439976,0.3876721260242727,0,,
11052,6,1924.0,41.7615779081,-87.5727819867,41.794090253,-87.592310855,43,41,2.4614557066616665,0.6426301291396932,0,,
11053,6,1925.0,41.7632467988,-87.6161341112,41.874005383,-87.6635175498,69,28,8.032230190577005,0.5016231262499601,0,,
11055,6,1931.0,41.7971534246,-87.5823657023,41.8018227527,-87.632245255,41,37,2.589367717702918,0.5229578644947128,0,,
11056,6,1933.0,41.7615779081,-87.5727819867,41.7632467988,-87.6161341112,43,69,2.237241747214385,0.4942040942597005,0,,
11057,6,1934.0,41.9557717866,-87.7012131039,41.8950334495,-87.6197106717,16,8,5.93006731953961,0.5458165490927632,0,,
11059,6,1941.0,41.9243470769,-87.7347397536,41.874005383,-87.6635175498,20,28,5.051186381969148,0.6089028531621007,0,,
11060,6,1944.0,41.9477915865,-87.6838349425,41.874005383,-87.6635175498,5,28,5.204076160021447,0.5975710606349326,0,,
11061,6,1949.0,42.001571027,-87.6950125892,41.9867117999,-87.6634164054,2,76,1.920043740993799,0.594547447621533,0,,
11066,6,1958.0,41.9290776551,-87.6462934762,41.9074919303,-87.6357600901,7,8,1.58670718459586,0.3923304330948349,0,,
11067,6,1958.0,41.7296764229,-87.5727171342,41.794090253,-87.592310855,48,41,4.56369719842524,0.7606964410999545,0,,
11069,6,1976.0,41.9432371225,-87.6434709559,41.8920421365,-87.6318639497,6,8,3.587220693959811,0.5490849606536908,0,,
11074,6,1981.0,41.8909220259,-87.6188683546,41.785998518,-87.7509342894,8,56,9.938431931467514,0.5102192978768794,0,,
11077,6,1987.0,41.8350679168,-87.6431623703,41.8853000224,-87.6428084655,60,28,3.470755727030004,0.6167756362383019,0,,
11078,6,1988.0,41.8789144956,-87.7058971305,41.7771962546,-87.6424975271,27,68,7.749073433932613,0.660709838830732,0,,
11082,6,1992.0,41.9292973683,-87.7980321814,41.8788655841,-87.6251921424,18,32,9.54671270575515,0.6915728078342314,0,,
11085,6,2010.0,41.7632467988,-87.6161341112,41.8571838585,-87.6203346241,69,33,6.494036656716089,0.499615722555966,0,,
11087,6,2012.0,41.7759288274,-87.6665962653,41.7771962546,-87.6424975271,67,68,1.244803385976164,0.6715923094407166,0,,
11089,6,2014.0,41.7788768603,-87.5949254391,41.7923572233,-87.6179313803,42,40,1.507420880140278,0.6501345283426172,0,,
11091,6,2017.0,41.856309817,-87.644209287,41.8849871918,-87.6209929134,31,32,2.3136209002868324,0.5416054624803482,0,,
11095,6,2026.0,41.9386661962,-87.7112105933,41.9442266014,-87.6559981815,21,6,2.8634567271823306,0.6639720176131443,0,,
11096,6,2028.0,41.9868086263,-87.6944151909,41.7904693995,-87.6012851221,2,41,14.38666037696794,0.6049891183988696,0,,
11103,6,2046.0,41.7718485152,-87.695666342,41.8173662079,-87.6988607973,66,58,3.149274970180477,0.5856379389171558,0,,
11104,6,2047.0,41.7929819032,-87.7242081939,41.8788655841,-87.6251921424,62,32,7.822648589498391,0.6327155426208159,0,,
11106,6,2050.0,41.8416911186,-87.6125639471,41.8270879119,-87.6486268165,35,60,2.1129796769609994,0.618951571324023,0,,
11107,6,2052.0,41.856309817,-87.644209287,41.8809944707,-87.6327464887,31,32,1.804643920613656,0.4467828252478295,0,,
11108,6,2059.0,41.7174930361,-87.6488950721,41.899602111,-87.6333080367,73,8,12.608119338879211,0.7127409370140678,0,,
11109,6,2066.0,41.9157411934,-87.6922563262,41.8950334495,-87.6197106717,22,8,3.995456731710373,0.5380766236116455,0,,
11112,6,2075.0,41.8038507848,-87.6212199892,41.8809944707,-87.6327464887,38,32,5.363040597217292,0.5243626747880796,0,,
11117,6,2086.0,41.8906088526,-87.7560467111,41.8788655841,-87.6251921424,25,32,6.779796161807767,0.485313244311727,0,,
11119,6,2088.0,41.9493532323,-87.7815190801,41.8681324282,-87.7142147077,17,29,6.593149376676044,0.7555136526294581,0,,
11120,6,2089.0,41.9383912577,-87.6385749205,41.8852813201,-87.6572331997,6,28,3.792881739485285,0.5803927138433532,0,,
11122,6,2093.0,41.7284560288,-87.5756371314,41.7275849467,-87.6295663156,48,49,2.78152578185535,0.8081203378758011,0,,
11123,6,2093.0,41.7925923603,-87.7696154528,41.794090253,-87.592310855,56,41,9.13404770979034,0.726537138278616,0,,
11124,6,2094.0,41.9216471318,-87.689951469,41.9049353016,-87.6499072264,22,8,2.360606599288108,0.4992018513452693,0,,
11128,6,2097.0,41.8390869059,-87.714003807,41.9272609555,-87.7655016086,30,19,6.643272621319137,0.678038409559797,0,,
11131,6,2101.0,41.9362371791,-87.6564115308,41.8852813201,-87.6572331997,6,28,3.5209680301978747,0.4333400470090794,0,,
11132,6,2102.0,41.8601900192,-87.7172201,41.8906088526,-87.7560467111,29,25,2.8995426068277017,0.598739568543487,0,,
11136,6,2114.0,41.8299223039,-87.6725026464,41.8788655841,-87.6251921424,59,32,4.166982793084642,0.7428599703988402,0,,
11138,6,2121.0,41.9146162864,-87.6317173661,41.8809944707,-87.6327464887,7,32,2.3236490590986465,0.5088491930357588,0,,
11141,6,2125.0,41.8692744531,-87.6640472412,41.785998518,-87.7509342894,28,56,7.288192756951719,0.5803305095761742,0,,
11147,6,2131.0,41.8997373884,-87.6649539167,41.8932163595,-87.6378442095,24,8,1.4652418669718328,0.4187295900101415,0,,
11150,6,2133.0,41.9581548757,-87.6530217894,41.8920421365,-87.6318639497,3,8,4.695658893646646,0.6687566259608801,0,,
11151,6,2138.0,41.8849871918,-87.6209929134,41.9049353016,-87.6499072264,32,8,2.0275883486258963,0.5337732596291032,0,,
11152,6,2141.0,41.9465114202,-87.8060200025,41.9272609555,-87.7655016086,17,19,2.4710468134831918,0.7133201524377343,0,,
11156,6,2163.0,41.9347624564,-87.6398538587,41.8991556134,-87.6262105324,6,8,2.558243156082547,0.5820878872432901,0,,
11157,6,2166.0,41.8906088526,-87.7560467111,41.9272609555,-87.7655016086,25,19,2.5786638270444424,0.6326228513149827,0,,
11158,6,2168.0,41.8565067379,-87.6522612961,41.8792550844,-87.642648998,31,28,1.647738650173055,0.5988952538870492,0,,
11165,6,2184.0,41.8809944707,-87.6327464887,41.8909220259,-87.6188683546,32,8,0.9900030012716,0.6465462754197335,0,,
11166,6,2184.0,41.7611057444,-87.6855896618,41.7622466529,-87.7320590255,66,65,2.396247940332324,0.59484583318385,0,,
11171,6,2195.0,41.8741766252,-87.6618611238,41.8809944707,-87.6327464887,28,32,1.5701350448144469,0.5600948750224952,0,,
11172,6,2201.0,41.8561441046,-87.6489783241,41.8710158803,-87.6314065252,31,32,1.368716492133169,0.5409003626075432,0,,
11173,6,2205.0,41.8920726347,-87.6288741572,41.8809944707,-87.6327464887,8,32,0.7909202513444131,0.4979954222467233,0,,
11175,6,2217.0,41.88366198,-87.7698815509,41.8850752975,-87.7138533806,25,27,2.8837213929795493,0.6099296976016487,0,,
11179,6,2224.0,41.7402057565,-87.6159695226,41.8571838585,-87.6203346241,44,33,8.085543816378348,0.5308208281772213,0,,
11180,6,2224.0,41.9654457842,-87.6631958495,41.957530922,-87.6666114405,3,6,0.5743309230572956,0.6648666325537489,0,,
11181,6,2224.0,41.9000696026,-87.7209182385,41.9272609555,-87.7655016086,23,19,2.963834392706275,0.4901328188500762,0,,
11186,6,2245.0,41.9336759885,-87.7123574755,41.9049353016,-87.6499072264,21,8,3.7751431316398,0.6015423423603117,0,,
11187,6,2247.0,41.9202651208,-87.7705377644,41.906025969,-87.6753116216,19,24,4.994055758900541,0.7282130381392036,0,,
11188,6,2249.0,41.7653303702,-87.7172073437,41.8849871918,-87.6209929134,65,32,9.638039852037451,0.7417577667841508,0,,
11190,6,2256.0,41.8311571825,-87.638333371,41.8909220259,-87.6188683546,60,8,4.249102480605044,0.5756477455017178,0,,
11194,6,2259.0,41.8559343655,-87.668574537,41.8679024175,-87.6429586652,31,28,1.5560405249968912,0.5577324841315767,0,,
11200,6,2282.0,41.8059249688,-87.6040586249,41.8492467545,-87.6241352979,39,33,3.166699732022676,0.6483811836121913,0,,
11201,6,2284.0,41.859349715,-87.6173580061,41.8774061234,-87.6219716519,33,32,1.2699623287385295,0.4994766561621592,0,,
11202,6,2286.0,41.7925923603,-87.7696154528,41.8351179863,-87.6186777673,56,35,8.309555667325105,0.6325594632611555,0,,
11204,6,2289.0,41.8925368719,-87.6598643178,41.8809944707,-87.6327464887,24,32,1.6067664077385904,0.4714046213153892,0,,
11211,6,2298.0,41.9160052737,-87.6750951155,41.8809944707,-87.6327464887,22,32,3.2549889665910707,0.4780771973318617,0,,
11212,6,2299.0,41.935983574,-87.6758219283,41.9049353016,-87.6499072264,5,8,2.5252745172085045,0.6942965118721969,0,,
11215,6,2302.0,41.9383912577,-87.6385749205,41.8852813201,-87.6572331997,6,28,3.792881739485285,0.5889402660428773,0,,
11219,6,2306.0,41.8089162826,-87.5961833442,41.8129489392,-87.6178596758,39,38,1.1505506232344267,0.5134942216689474,0,,
11220,6,2307.0,41.7615779081,-87.5727819867,41.7412427285,-87.551428197,43,46,1.7848449605646863,0.5818726200911702,0,,
11226,6,2318.0,41.7759288274,-87.6665962653,41.7442051463,-87.6563059862,67,71,2.255148151972276,0.5539651943896756,0,,
11227,6,2318.0,41.8416911186,-87.6125639471,41.8809944707,-87.6327464887,35,32,2.907421297344503,0.6433093984556234,0,,
11228,6,2326.0,41.7412427285,-87.551428197,42.0096228806,-87.6701668569,46,1,19.52358450335068,0.7217869684857593,0,,
11229,6,2327.0,41.7621423146,-87.6103458371,41.9448137543,-87.6907750098,69,5,13.28280466073197,0.6563095796247077,0,,
11230,6,2330.0,41.8679024175,-87.6429586652,41.8809944707,-87.6327464887,28,32,1.0460842126305716,0.4860021306934562,0,,
11231,6,2336.0,41.7615779081,-87.5727819867,41.6738199043,-87.6357397768,43,53,6.878137389420298,0.6494863466276324,0,,
11232,6,2337.0,42.0096228806,-87.6701668569,41.9788295262,-87.771166703,1,11,5.605892005183126,0.6267983491258856,0,,
11236,6,2343.0,41.9210196071,-87.7103591445,41.7904693995,-87.6012851221,22,41,10.624108941843218,0.5019804629344135,0,,
11237,6,2344.0,41.7615779081,-87.5727819867,41.794090253,-87.592310855,43,41,2.4614557066616665,0.6010851432831459,0,,
11239,6,2353.0,41.8441449609,-87.6829962096,41.8849871918,-87.6209929134,31,32,4.259345705828312,0.592678407714174,0,,
11241,6,2357.0,41.8090844303,-87.6324245245,41.96581197,-87.6558787862,37,3,10.89583672304189,0.7200645691717242,0,,
11242,6,2362.0,41.8563332167,-87.6595642391,41.8950334495,-87.6197106717,31,8,3.369534887359004,0.5989620256309142,0,,
11244,6,2368.0,41.9854724225,-87.6537935286,41.8853000224,-87.6428084655,76,28,6.944245335963041,0.6610121401814647,0,,
11245,6,2369.0,41.8390869059,-87.714003807,41.8788655841,-87.6251921424,30,32,5.33302526441236,0.550163483837263,0,,
11246,6,2369.0,41.7615779081,-87.5727819867,41.8788655841,-87.6251921424,43,32,8.54133809198434,0.643296201765945,0,,
11247,6,2372.0,41.7971534246,-87.5823657023,41.7696904664,-87.5813495087,41,43,1.8982318333015415,0.6167962355830008,0,,
11250,6,2384.0,41.8789144956,-87.7058971305,41.8906088526,-87.7560467111,27,25,2.703240839482583,0.6599115055954287,0,,
11253,6,2395.0,41.6906333472,-87.5700582686,41.7065878819,-87.6233665115,51,49,2.9628208393672204,0.7681485407876885,0,,
11257,6,2408.0,41.7759288274,-87.6665962653,41.7923572233,-87.6179313803,67,40,2.7522028676345767,0.724023561280495,0,,
11261,6,2413.0,41.9217783562,-87.6414597588,41.8853000224,-87.6428084655,7,28,2.521366904037305,0.5439557431407207,0,,
11262,6,2414.0,41.9386661962,-87.7112105933,41.9227606205,-87.6991553432,21,22,1.261635498857829,0.6827837131773238,0,,
11269,6,2437.0,41.7771962546,-87.6424975271,41.7632467988,-87.6161341112,68,69,1.6657078254731654,0.7165835962397398,0,,
11270,6,2439.0,41.8346735981,-87.6108347373,41.8809944707,-87.6327464887,35,32,3.3932983656695046,0.5360296286726121,0,,
11273,6,2443.0,41.8994457693,-87.6893191901,41.8809944707,-87.6327464887,24,32,3.17683476587007,0.4954218785628724,0,,
11274,6,2445.0,41.8906088526,-87.7560467111,41.8601900192,-87.7172201,25,29,2.8995426068277017,0.6696495007957057,0,,
11280,6,2449.0,41.795430631,-87.6964352325,41.8502663663,-87.667569312,63,31,4.069883034856018,0.5724620015253787,0,,
11284,6,2456.0,41.9344868721,-87.7986359527,41.958055933,-87.6603894557,18,3,7.288699491488061,0.8164261775134423,0,,
11286,6,2457.0,41.794090253,-87.592310855,41.7296764229,-87.5727171342,41,48,4.56369719842524,0.6386165195707993,0,,
11287,6,2457.0,41.8601900192,-87.7172201,41.899602111,-87.6333080367,29,8,5.103852753019385,0.6204891256914089,0,,
11290,6,2463.0,41.8388061944,-87.7195241482,41.8566586145,-87.715732633,30,29,1.2488260677996312,0.5927355371693944,0,,
11302,6,2487.0,41.7929819032,-87.7242081939,41.7697780588,-87.7269298425,62,65,1.609353672469436,0.708881333030931,0,,
11306,6,2495.0,41.9347624564,-87.6398538587,41.8853000224,-87.6428084655,6,28,3.4209038237148954,0.5481764250044641,0,,
11307,6,2500.0,41.9083786693,-87.6709450752,41.8920421365,-87.6318639497,24,8,2.3050909340752845,0.5050017177415894,0,,
11309,6,2521.0,41.8996701799,-87.6698377982,41.8920421365,-87.6318639497,24,8,2.0228749626070357,0.3725863757400872,0,,
11312,6,2530.0,41.8559343655,-87.668574537,41.8631181033,-87.672920435,31,28,0.5444046249752456,0.591938884131871,0,,
11313,6,2534.0,41.9147473049,-87.6540070286,41.8792550844,-87.642648998,7,28,2.5208903100773186,0.4182730589846425,0,,
11322,6,2544.0,41.9535821253,-87.7234523905,41.9227606205,-87.6991553432,16,22,2.468701090878268,0.6859367829778558,0,,
11323,6,2549.0,41.9788295262,-87.771166703,41.8788655841,-87.6251921424,11,32,10.19849123408508,0.8770463612788696,0,,
11325,6,2552.0,41.7872788781,-87.6343417807,41.8018227527,-87.632245255,68,37,1.010672576838199,0.6109017342967543,0,,
11326,6,2554.0,41.8612808467,-87.6305800611,41.7697847237,-87.5739519554,33,43,6.961919767636199,0.613665327874582,0,,
11327,6,2554.0,41.9865581808,-87.7133688039,41.958055933,-87.6603894557,13,3,3.3592681989852293,0.6918139193214103,0,,
11328,6,2556.0,41.8790669938,-87.657005027,41.8932163595,-87.6378442095,28,8,1.388221718149585,0.4907381393347219,0,,
11329,6,2558.0,41.8849871918,-87.6209929134,41.9049353016,-87.6499072264,32,8,2.0275883486258963,0.5570502767903002,0,,
11331,6,2560.0,41.859349715,-87.6173580061,41.7905666284,-87.5940154442,33,41,4.902071199607381,0.6333214613476715,0,,
11333,6,2561.0,41.9000696026,-87.7209182385,41.8129489392,-87.6178596758,23,38,8.02260218492619,0.493551435152198,0,,
11334,6,2562.0,41.9047120004,-87.7018845586,41.9075200747,-87.6266589003,24,8,3.873124146162631,0.5331314477304491,0,,
11335,6,2562.0,41.9422905548,-87.7617177214,41.8786674201,-87.6716536214,15,28,6.385150939644929,0.6610895219393157,0,,
11336,6,2564.0,41.9074919303,-87.6357600901,41.8809944707,-87.6327464887,8,32,1.837349255605652,0.5158384368953179,0,,
11338,6,2567.0,41.8558061709,-87.6746905879,41.859349715,-87.6173580061,31,33,2.9605435310927395,0.6122284456280589,0,,
11339,6,2567.0,41.9275798469,-87.7880088189,41.8679024175,-87.6429586652,19,28,8.52348368532019,0.7165069188507339,0,,
11340,6,2569.0,41.7482105124,-87.6100749663,41.7544341714,-87.632184554,44,69,1.218100401194994,0.6731954415283161,0,,
11341,6,2574.0,41.9261558167,-87.7215645012,41.8853000224,-87.6428084655,22,28,4.936563588302656,0.5934170587185335,0,,
11342,6,2575.0,41.9208017043,-87.6945323419,41.9047120004,-87.7018845586,22,24,1.1742082773107063,0.5519488879462753,0,,
11343,6,2577.0,41.9074919303,-87.6357600901,41.8852813201,-87.6572331997,8,28,1.890669523400123,0.4107917412136085,0,,
11344,6,2578.0,41.9012069941,-87.6763559892,42.001571027,-87.6950125892,24,2,7.000448468346379,0.4392158680243164,0,,
11345,6,2578.0,41.9414882338,-87.671107656,41.9049353016,-87.6499072264,6,8,2.7506952896441583,0.5314027138873816,0,,
11346,6,2584.0,41.8555013528,-87.683227168,41.8983058696,-87.6536139825,31,24,3.326834082417708,0.5857293699048104,0,,
11356,6,2594.0,41.96581197,-87.6558787862,41.9442266014,-87.6559981815,3,6,1.491419546506508,0.5464138105343608,0,,
11361,6,2607.0,41.7442051463,-87.6563059862,41.7402057565,-87.6159695226,71,44,2.097782146536849,0.633915564214155,0,,
11363,6,2610.0,41.8692744531,-87.6640472412,41.8932163595,-87.6378442095,28,8,2.133872644149464,0.5852913924230176,0,,
11365,6,2617.0,41.859349715,-87.6173580061,41.8792550844,-87.642648998,33,28,1.8933633988675933,0.4932204554822942,0,,
11369,6,2625.0,41.8559343655,-87.668574537,41.8786674201,-87.6716536214,31,28,1.5786742472027553,0.5605429309037109,0,,
11370,6,2626.0,41.8906088526,-87.7560467111,41.9477915865,-87.6838349425,25,5,5.421513693307875,0.6059926192840589,0,,
11374,6,2641.0,41.9290776551,-87.6462934762,41.8809944707,-87.6327464887,7,32,3.3944824710527968,0.5477816597679201,0,,
11377,6,2653.0,41.8710158803,-87.6314065252,41.8932163595,-87.6378442095,32,8,1.569248272198923,0.5867064597675824,0,,
11378,6,2654.0,41.8762234405,-87.7177791062,41.962178629,-87.6453787624,27,3,7.008984042459919,0.6937061004474111,0,,
11383,6,2660.0,41.7979711911,-87.5989445134,41.8704150003,-87.6750856208,41,28,6.35754014803316,0.68539764428254,0,,
11384,6,2662.0,41.7759288274,-87.6665962653,41.7442051463,-87.6563059862,67,71,2.255148151972276,0.6073880670051175,0,,
11386,6,2664.0,41.9289672664,-87.6561568309,41.8809944707,-87.6327464887,7,32,3.5264444512097373,0.5550038528601304,0,,
11388,6,2667.0,41.7412427285,-87.551428197,41.7615779081,-87.5727819867,46,43,1.7848449605646863,0.7119524677111899,0,,
11391,6,2680.0,41.8785943576,-87.7302324284,41.9226862843,-87.6494887289,26,7,5.150056144727678,0.7007425800656155,0,,
11394,6,2681.0,41.8852813201,-87.6572331997,41.8849871918,-87.6209929134,28,32,1.8642748516886785,0.5757389525485923,0,,
11401,6,2688.0,41.7718485152,-87.695666342,41.7615779081,-87.5727819867,66,43,6.372386040569223,0.5870558180208728,0,,
11403,6,2691.0,41.8601900192,-87.7172201,41.7632467988,-87.6161341112,29,69,8.483200504721005,0.6064240539850698,0,,
11408,6,2696.0,41.8365103216,-87.6531587001,41.8950334495,-87.6197106717,60,8,4.394590937801474,0.5354181291153919,0,,
11409,6,2698.0,41.9292629902,-87.6358909539,41.8809944707,-87.6327464887,7,32,3.3389546765965523,0.4623645838132321,0,,
11410,6,2700.0,41.906025969,-87.6753116216,41.8852813201,-87.6572331997,24,28,1.7084784580261632,0.4819609964581614,0,,
11412,6,2703.0,41.906025969,-87.6753116216,41.8853000224,-87.6428084655,24,28,2.20116513202311,0.4607471495645143,0,,
11414,6,2707.0,41.8510178239,-87.6350918563,41.8162644525,-87.7189271854,34,57,4.938898006702701,0.730411302104252,0,,
11416,6,2713.0,41.9012069941,-87.6763559892,41.9442266014,-87.6559981815,24,6,3.1512379461012325,0.4014013720748733,0,,
11417,6,2713.0,41.8774061234,-87.6219716519,41.8792550844,-87.642648998,32,28,1.0713790376585428,0.6416352735482096,0,,
11425,6,2723.0,41.7771962546,-87.6424975271,41.8420761168,-87.6339734222,68,34,4.504214926963518,0.6043905805345864,0,,
11431,6,2738.0,41.8299223039,-87.6725026464,41.874005383,-87.6635175498,59,28,3.0807535643086226,0.6940351292575875,0,,
11433,6,2745.0,41.8792550844,-87.642648998,41.8925077809,-87.6262149064,28,8,1.2462200724977917,0.5733843710396593,0,,
11434,6,2750.0,41.728182061,-87.5964755956,41.7065878819,-87.6233665115,47,49,2.037035272366876,0.8845823025127735,0,,
11437,6,2760.0,41.9289459041,-87.6608925701,41.8852813201,-87.6572331997,7,28,3.022797896995153,0.5602847858542623,0,,
11444,6,2777.0,41.9227606205,-87.6991553432,41.9000696026,-87.7209182385,22,23,1.926177568943494,0.5944623006453791,0,,
11445,6,2777.0,41.9147473049,-87.6540070286,41.8852813201,-87.6572331997,7,28,2.0426548229943498,0.5682597190846242,0,,
11446,6,2779.0,41.968069,-87.7215590627,41.9292973683,-87.7980321814,14,18,4.7559991710646825,0.6777921594483916,0,,
11449,6,2791.0,41.8849871918,-87.6209929134,41.8983317935,-87.6207628651,32,8,0.9221000818760948,0.5231871945155087,0,,
11451,6,2795.0,41.8679024175,-87.6429586652,41.8932163595,-87.6378442095,28,8,1.76870492259449,0.416460062492259,0,,
11452,6,2797.0,41.8390869059,-87.714003807,41.899602111,-87.6333080367,30,8,5.892454081864422,0.5808126553355555,0,,
11455,6,2801.0,41.8924931672,-87.6647458359,41.8809944707,-87.6327464887,24,32,1.827684920070268,0.4980635109102699,0,,
11456,6,2802.0,41.7901713682,-87.6863834792,41.8983058696,-87.6536139825,63,24,7.659408547338196,0.7103531984187751,0,,
11458,6,2805.0,41.8849871918,-87.6209929134,41.8932163595,-87.6378442095,32,8,1.0366087096471257,0.5216244179349881,0,,
11461,6,2813.0,41.7174930361,-87.6488950721,41.7771962546,-87.6424975271,73,68,4.138261575918034,0.5656648538632438,0,,
11462,6,2813.0,41.8920421365,-87.6318639497,41.8849871918,-87.6209929134,8,32,0.7418045389686792,0.523552187449374,0,,
11465,6,2828.0,41.874005383,-87.6635175498,41.8502663663,-87.667569312,28,31,1.653407965864257,0.4836131076255542,0,,
11467,6,2833.0,41.9212731053,-87.6850821101,41.8852813201,-87.6572331997,22,28,2.8696863998239683,0.6155221245849174,0,,
11468,6,2834.0,41.8237128095,-87.6023504372,41.7788768603,-87.5949254391,36,42,3.1213858053218617,0.6502902304370839,0,,
11469,6,2835.0,41.8923550478,-87.674506788,41.8809944707,-87.6327464887,24,32,2.2869801216670087,0.5007369348333561,0,,
11471,6,2844.0,41.9012069941,-87.6763559892,41.9386661962,-87.7112105933,24,21,3.1479574156309638,0.4311069898218121,0,,
11472,6,2845.0,41.8920421365,-87.6318639497,41.8809944707,-87.6327464887,8,32,0.7646697018195042,0.5473722807588064,0,,
11473,6,2848.0,41.8173662079,-87.6988607973,41.7923572233,-87.6179313803,58,40,4.5121328629712565,0.6428261654033055,0,,
11474,6,2850.0,41.8299223039,-87.6725026464,41.899602111,-87.6333080367,59,8,5.219768147251121,0.7770637975061814,0,,
11477,6,2855.0,41.9243470769,-87.7347397536,41.874005383,-87.6635175498,20,28,5.051186381969148,0.712345865929036,0,,
11478,6,2858.0,41.97153938,-87.7389372047,41.9558592583,-87.7948169935,14,17,3.0684842761100657,0.6597136512486673,0,,
11479,6,2861.0,41.7615779081,-87.5727819867,41.8502663663,-87.667569312,43,31,7.834654021831581,0.5409477272329,0,,
11481,6,2865.0,41.7697780588,-87.7269298425,41.7925923603,-87.7696154528,65,56,2.7058425823862966,0.655756441081516,0,,
11482,6,2867.0,41.9287630064,-87.665676837,41.897983898,-87.6414915334,7,8,2.463515365506893,0.4327818224229674,0,,
11485,6,2874.0,41.9751709433,-87.6875155152,42.001571027,-87.6950125892,4,2,1.8642633682511969,0.760921361058539,0,,
11489,6,2880.0,41.8420761168,-87.6339734222,41.874005383,-87.6635175498,34,28,2.679252761749501,0.7401347489946987,0,,
11490,6,2882.0,41.8361501547,-87.6487879519,41.874005383,-87.6635175498,60,28,2.723178222881713,0.65842454554711,0,,
11493,6,2892.0,41.8785943576,-87.7302324284,41.8788655841,-87.6251921424,26,32,5.403741026718514,0.6361154565440975,0,,
11494,6,2895.0,41.8906088526,-87.7560467111,41.8788655841,-87.6251921424,25,32,6.779796161807767,0.5676940531327057,0,,
11501,6,2911.0,41.8852813201,-87.6572331997,41.8849871918,-87.6209929134,28,32,1.8642748516886785,0.4180367362992542,0,,
11504,6,2915.0,41.8792550844,-87.642648998,41.8920421365,-87.6318639497,28,8,1.0432360312992082,0.4292995634120211,0,,
11506,6,2924.0,41.9217014922,-87.6559118484,41.8983317935,-87.6207628651,7,8,2.4235618976596043,0.4645287595755123,0,,
11508,6,2931.0,41.7697847237,-87.5739519554,41.6997566852,-87.6280852818,43,49,5.585797726924261,0.5021907331437431,0,,
11510,6,2940.0,41.9284315635,-87.6999685912,41.8706073724,-87.6221729369,22,32,5.654097847864656,0.5909152593472787,0,,
11512,6,2944.0,41.6636706517,-87.5409355129,41.7065878819,-87.6233665115,55,49,5.1850299498531145,0.8542828062937682,0,,
11513,6,2946.0,41.9867117999,-87.6634164054,41.8788655841,-87.6251921424,76,32,7.706137449795893,0.7275147352342017,0,,
11515,6,2948.0,41.7061257523,-87.5982558383,41.6738199043,-87.6357397768,50,53,2.9534352019484773,0.8497646881550023,0,,
11517,6,2958.0,41.8161780153,-87.6751020589,41.8849871918,-87.6209929134,61,32,5.509831905619694,0.5948722082059302,0,,
11518,6,2959.0,41.8601900192,-87.7172201,41.874005383,-87.6635175498,29,28,2.92341566244442,0.5149527807004995,0,,
11520,6,2961.0,41.8130413823,-87.599476602,41.8849871918,-87.6209929134,39,32,5.09283840078007,0.6149971999896301,0,,
11521,6,2962.0,41.9272609555,-87.7655016086,41.9226862843,-87.6494887289,19,7,5.972233620339379,0.6268823786781198,0,,
11522,6,2964.0,41.7402057565,-87.6159695226,41.794090253,-87.592310855,44,41,3.9176154539033377,0.6683681985643868,0,,
11523,6,2964.0,41.8906088526,-87.7560467111,41.9012069941,-87.6763559892,25,24,4.16342049273876,0.5676563039062764,0,,
11529,6,2974.0,41.8924931672,-87.6647458359,41.8925077809,-87.6262149064,24,8,1.9817642038785257,0.3577732186601413,0,,
11531,6,2977.0,41.9425851797,-87.6566440918,41.9049353016,-87.6499072264,6,8,2.624311495176242,0.5953585572489867,0,,
11532,6,2978.0,41.8809944707,-87.6327464887,41.8932163595,-87.6378442095,32,8,0.8842258135030329,0.5325698357906532,0,,
11534,6,2979.0,41.8792550844,-87.642648998,41.8809944707,-87.6327464887,28,32,0.5233994908075175,0.4277168153880209,0,,
11536,6,2984.0,41.8510178239,-87.6350918563,41.8492467545,-87.6241352979,34,33,0.5770276412543505,0.6158832716719548,0,,
11537,6,2985.0,41.7978270187,-87.6037457654,41.8932163595,-87.6378442095,41,8,6.820455814583264,0.7053427600073343,0,,
11538,6,2985.0,41.8909220259,-87.6188683546,41.8706073724,-87.6221729369,8,32,1.413865810868812,0.4887577330171646,0,,
11540,6,2986.0,41.8789144956,-87.7058971305,41.899602111,-87.6333080367,27,8,3.997925394325158,0.6714943993001141,0,,
11545,6,2989.0,41.7974277095,-87.6890166432,41.8983058696,-87.6536139825,63,24,7.20425751053105,0.6881732558667377,0,,
11550,6,3005.0,41.9290469366,-87.6513108767,41.8932163595,-87.6378442095,7,8,2.5706686388468434,0.5527821641229594,0,,
11551,6,3006.0,41.9075200747,-87.6266589003,41.8853000224,-87.6428084655,8,28,1.7455283837467723,0.5216904141457541,0,,
11552,6,3009.0,41.813200941,-87.6042092221,41.8559898728,-87.6649068859,39,31,4.301653272447761,0.6962138800161284,0,,
11553,6,3009.0,41.9002212967,-87.6291051864,41.8792550844,-87.642648998,8,28,1.6074247395147003,0.4136510813233254,0,,
11554,6,3010.0,41.9287630064,-87.665676837,41.8792550844,-87.642648998,7,28,3.619844471967407,0.5509929151824677,0,,
11555,6,3012.0,41.8563332167,-87.6595642391,41.8792550844,-87.642648998,31,28,1.807140019981,0.5643174891550171,0,,
11558,6,3025.0,41.7681062939,-87.6980008039,41.7622466529,-87.7320590255,66,65,1.8012948211537416,0.5769798521120117,0,,
11564,6,3041.0,41.9147473049,-87.6540070286,41.9049353016,-87.6499072264,7,8,0.7099643028969194,0.5554154947209223,0,,
11565,6,3044.0,41.922082541,-87.6341560931,41.8852813201,-87.6572331997,7,28,2.8060180104521755,0.5606774375409295,0,,
11568,6,3048.0,41.7412427285,-87.551428197,41.728182061,-87.5964755956,46,47,2.491785795722499,0.7367050131744416,0,,
11573,6,3066.0,41.9362371791,-87.6564115308,41.9354389148,-87.693325868,6,21,1.898130415866637,0.5509129693320727,0,,
11575,6,3068.0,41.8270879119,-87.6486268165,41.8774061234,-87.6219716519,60,32,3.7375175189921954,0.6128594208827847,0,,
11577,6,3074.0,41.9354389148,-87.693325868,41.8849871918,-87.6209929134,21,32,5.097486551728911,0.5661532133959116,0,,
11578,6,3078.0,41.8925077809,-87.6262149064,41.785998518,-87.7509342894,8,56,9.765916682205118,0.3970889838633136,0,,
11579,6,3078.0,41.8420761168,-87.6339734222,41.9540276487,-87.7633990316,34,15,10.204735994153696,0.7365988783689437,0,,
11580,6,3084.0,41.8906088526,-87.7560467111,41.9272609555,-87.7655016086,25,19,2.5786638270444424,0.6675926047654815,0,,
11583,6,3086.0,41.9243470769,-87.7347397536,41.9272609555,-87.7655016086,20,19,1.594116044156814,0.7472832847764445,0,,
11585,6,3087.0,41.9128689225,-87.6410707462,41.8853000224,-87.6428084655,7,28,1.906924801220915,0.4142243773167071,0,,
11587,6,3094.0,41.9442266014,-87.6559981815,41.9477915865,-87.6838349425,6,5,1.4515812910383474,0.5072266971225349,0,,
11588,6,3095.0,41.795430631,-87.6964352325,41.8502663663,-87.667569312,63,31,4.069883034856018,0.6678644515875052,0,,
11590,6,3100.0,41.8741766252,-87.6618611238,41.8563332167,-87.6595642391,28,31,1.2385140131261934,0.4709014241648483,0,,
11592,6,3105.0,41.7442051463,-87.6563059862,41.6897299145,-87.6690544032,71,75,3.820874864656589,0.67146226305679,0,,
11593,6,3107.0,42.0096228806,-87.6701668569,42.001571027,-87.6950125892,1,2,1.3916636486817582,0.5602540493843507,0,,
11596,6,3116.0,41.8679024175,-87.6429586652,41.8809944707,-87.6327464887,28,32,1.0460842126305716,0.5362783621882115,0,,
11599,6,3124.0,41.7718485152,-87.695666342,41.874005383,-87.6635175498,66,28,7.249869030399217,0.6276093440794259,0,,
11601,6,3131.0,41.9094956686,-87.630963601,41.8809944707,-87.6327464887,8,32,1.9713789100850352,0.3504499296187256,0,,
11602,6,3132.0,41.9063227109,-87.7215382944,41.9448137543,-87.6907750098,23,5,3.094146907112314,0.5642976760705235,0,,
11604,6,3139.0,41.9535821253,-87.7234523905,41.899602111,-87.6333080367,16,8,5.948415653123371,0.5911327512380946,0,,
11605,6,3141.0,41.9867117999,-87.6634164054,41.9227606205,-87.6991553432,76,22,4.785011373696052,0.5821445895796935,0,,
11606,6,3144.0,41.942577185,-87.6470785093,41.785998518,-87.7509342894,6,56,12.06644953509466,0.452326726574252,0,,
11609,6,3155.0,41.6897299145,-87.6690544032,41.6738199043,-87.6357397768,75,53,2.040530677060831,0.7820378006905697,0,,
11610,6,3158.0,41.7441995348,-87.5863483178,41.8788655841,-87.6251921424,45,32,9.51714079310716,0.7948581356784207,0,,
11611,6,3161.0,41.8067652712,-87.6089492784,41.8792550844,-87.642648998,38,28,5.300441246712204,0.6711227131923054,0,,
11612,6,3167.0,42.001571027,-87.6950125892,41.9751709433,-87.6875155152,2,4,1.8642633682511969,0.5997793265901428,0,,
11613,6,3168.0,41.9066507664,-87.6653376596,41.8849871918,-87.6209929134,24,32,2.727982269698528,0.5343831004593029,0,,
11615,6,3177.0,41.9581548757,-87.6530217894,41.8849871918,-87.6209929134,3,32,5.316802915395872,0.6318733878795424,0,,
11617,6,3190.0,41.8204569069,-87.6006915709,41.7584079022,-87.5628473838,36,43,4.709645071224247,0.7296110479564794,0,,
11621,6,3193.0,41.8502663663,-87.667569312,41.7402057565,-87.6159695226,31,44,8.055599539126897,0.5400063062914082,0,,
11622,6,3196.0,41.8909220259,-87.6188683546,41.8809944707,-87.6327464887,8,32,0.9900030012716,0.5262097772818648,0,,
11626,6,3204.0,41.7718485152,-87.695666342,41.8788655841,-87.6251921424,66,32,8.236498892864663,0.549142268252823,0,,
11629,6,3209.0,41.8983317935,-87.6207628651,41.8809944707,-87.6327464887,8,32,1.347174411778701,0.4858164695378102,0,,
11632,6,3222.0,41.9196352314,-87.7296791339,41.9208017043,-87.6945323419,20,22,1.8087192514776669,0.6941959413883021,0,,
11633,6,3226.0,41.7615779081,-87.5727819867,41.899602111,-87.6333080367,43,8,10.032738650920365,0.5601770974311222,0,,
11635,6,3228.0,41.6997593569,-87.6377304261,41.8059116993,-87.5874792581,49,39,7.778370546938467,0.6532598020958922,0,,
11637,6,3228.0,41.7632467988,-87.6161341112,41.874005383,-87.6635175498,69,28,8.032230190577005,0.5575177175757755,0,,
11638,6,3230.0,41.8089162826,-87.5961833442,41.7457577128,-87.7083657043,39,70,7.242559570930675,0.6740673320457183,0,,
11640,6,3234.0,41.7788768603,-87.5949254391,41.8090844303,-87.6324245245,42,37,2.8438531632255595,0.6948278552605948,0,,
11641,6,3242.0,42.0085407611,-87.6949637498,41.8790669938,-87.657005027,2,28,9.156011822075724,0.5219932604848514,0,,
11646,6,3262.0,41.859349715,-87.6173580061,41.8909220259,-87.6188683546,33,8,2.1828223764310204,0.6314230270345049,0,,
11649,6,3270.0,41.8329371807,-87.6535834197,41.8950334495,-87.6197106717,60,8,4.630961422798811,0.5274025966370339,0,,
11651,6,3273.0,41.7065878819,-87.6233665115,41.8089162826,-87.5961833442,49,39,7.207701702567897,0.6335346847593389,0,,
11654,6,3282.0,41.9000696026,-87.7209182385,42.0096228806,-87.6701668569,23,1,8.006018313705983,0.5077172919495054,0,,
11655,6,3285.0,41.9075200747,-87.6266589003,41.8809944707,-87.6327464887,8,32,1.859295941058006,0.4111095912030067,0,,
11656,6,3290.0,41.9094956686,-87.630963601,41.8853000224,-87.6428084655,8,28,1.7792893506760794,0.4754869971637653,0,,
11659,6,3292.0,41.9066507664,-87.6653376596,41.8792550844,-87.642648998,24,28,2.2236616593738683,0.4652233893380884,0,,
11660,6,3296.0,41.9066839592,-87.7103539349,41.9578433752,-87.676373281,23,5,3.942767584129749,0.6459492878247025,0,,
11661,6,3302.0,41.9000696026,-87.7209182385,41.874005383,-87.6635175498,23,28,3.458416704058877,0.6335245549262442,0,,
11663,6,3307.0,41.8809944707,-87.6327464887,41.8852813201,-87.6572331997,32,28,1.2939671291410526,0.5889732364762358,0,,
11664,6,3309.0,41.8237128095,-87.6023504372,41.9535821253,-87.7234523905,36,16,10.92325192775464,0.6157344939050587,0,,
11666,6,3311.0,42.0160105638,-87.680162272,41.8679024175,-87.6429586652,1,28,10.410388183315286,0.7058282583085851,0,,
11672,6,3329.0,41.906025969,-87.6753116216,41.8792550844,-87.642648998,24,28,2.498708214769364,0.3610822382447142,0,,
11673,6,3329.0,41.8809944707,-87.6327464887,41.8679024175,-87.6429586652,32,28,1.0460842126305716,0.5595571425677696,0,,
11674,6,3330.0,41.9872255578,-87.6649377243,41.8792550844,-87.642648998,76,28,7.547505419567164,0.546683086484067,0,,
11676,6,3333.0,41.7442051463,-87.6563059862,41.7061257523,-87.5982558383,71,50,3.98540172640126,0.6084775767636098,0,,
11678,6,3336.0,41.7697780588,-87.7269298425,41.874005383,-87.6635175498,65,28,7.907040901705701,0.6508251198842172,0,,
11679,6,3337.0,41.9581548757,-87.6530217894,41.8994222543,-87.684490122,3,24,4.368555389125128,0.5140366754515572,0,,
11680,6,3337.0,41.8563332167,-87.6595642391,41.8932163595,-87.6378442095,31,8,2.782610307672346,0.5910246468912155,0,,
11681,6,3339.0,41.9850151008,-87.8045320063,41.9540276487,-87.7633990316,10,15,3.008147622511661,0.7973595247123539,0,,
11682,6,3342.0,41.9000696026,-87.7209182385,41.8390869059,-87.714003807,23,30,4.228495201935803,0.6699354812078966,0,,
11684,6,3349.0,41.8679024175,-87.6429586652,41.9654457842,-87.6631958495,28,3,6.819445866484096,0.4600825919092728,0,,
11685,6,3349.0,41.9268111821,-87.6426052473,41.8853000224,-87.6428084655,7,28,2.868167009871209,0.4517460703096588,0,,
11688,6,3358.0,41.6636706517,-87.5409355129,41.7615779081,-87.5727819867,55,43,6.961309240320592,0.8189631275783724,0,,
11689,6,3360.0,41.6601360507,-87.60284764,41.794090253,-87.592310855,54,41,9.271288685388123,0.6746297262788714,0,,
11691,6,3360.0,41.7788768603,-87.5949254391,41.8788655841,-87.6251921424,42,32,7.082119052171518,0.6407158093594223,0,,
11694,6,3365.0,41.8790669938,-87.657005027,41.8925077809,-87.6262149064,28,8,1.8359848025838068,0.5738032864999223,0,,
11695,6,3365.0,41.9212731053,-87.6850821101,41.8809944707,-87.6327464887,22,32,3.871531218003339,0.4417916149951673,0,,
11696,6,3367.0,41.86911914,-87.7560677045,41.8925077809,-87.6262149064,25,8,6.872639866846098,0.6109934730616544,0,,
11697,6,3370.0,41.8634226841,-87.6537566193,41.8849871918,-87.6209929134,28,32,2.2497364049366757,0.3893951602988238,0,,
11698,6,3370.0,41.9346591566,-87.6467297286,41.8809944707,-87.6327464887,6,32,3.77694995303996,0.5895375049158,0,,
11706,6,3400.0,41.9359889065,-87.6709663837,41.8852813201,-87.6572331997,6,28,3.5740130058393853,0.4440325333418335,0,,
11707,6,3404.0,41.9217781876,-87.6510618838,41.8809944707,-87.6327464887,7,32,2.97113329841012,0.5172582417054798,0,,
11709,6,3407.0,41.8067652712,-87.6089492784,41.8679024175,-87.6429586652,38,28,4.572598767574128,0.5755158603630248,0,,
11713,6,3415.0,41.9204515116,-87.6799547678,41.8925077809,-87.6262149064,22,8,3.3710672842892992,0.5564266854652367,0,,
11715,6,3416.0,42.001571027,-87.6950125892,41.9227606205,-87.6991553432,2,22,5.449438614368256,0.5242132676460974,0,,
11718,6,3426.0,41.9724370811,-87.6711095263,42.0062788614,-87.6676836101,3,1,2.344854084247895,0.5490515728426417,0,,
11720,6,3434.0,41.8790669938,-87.657005027,41.897983898,-87.6414915334,28,8,1.531362456315546,0.521019907312422,0,,
11722,6,3440.0,42.0094125471,-87.6639582144,41.8852813201,-87.6572331997,1,28,8.583610803356624,0.6980575047388311,0,,
11725,6,3452.0,41.9725625375,-87.6788459662,42.0160464924,-87.6733337784,4,1,3.017759369563338,0.6163707843430971,0,,
11726,6,3454.0,41.8446607763,-87.6490722438,41.8555013528,-87.683227168,60,31,1.910781774905783,0.609536331367233,0,,
11727,6,3457.0,41.8090844303,-87.6324245245,41.795430631,-87.6964352325,37,63,3.4292309374300927,0.6989084452304204,0,,
11729,6,3460.0,41.9702449819,-87.7134353285,41.9204515116,-87.6799547678,14,22,3.846656143237142,0.6540637958553868,0,,
11730,6,3462.0,41.794090253,-87.592310855,41.8502663663,-87.667569312,41,31,5.484626916717965,0.5723407304843375,0,,
11733,6,3467.0,41.7681062939,-87.6980008039,41.8048535215,-87.6769677545,66,61,2.760550906159104,0.678009944903831,0,,
11734,6,3467.0,41.9383912577,-87.6385749205,41.8920421365,-87.6318639497,6,8,3.2209538810646703,0.5971854530897297,0,,
11736,6,3478.0,41.8932163595,-87.6378442095,41.8786674201,-87.6716536214,8,28,2.0087233112858214,0.4054231417674905,0,,
11738,6,3480.0,41.8853000224,-87.6428084655,41.8849871918,-87.6209929134,28,32,1.1223781662126742,0.5607468424454474,0,,
11739,6,3484.0,41.9227606205,-87.6991553432,41.9272609555,-87.7655016086,22,19,3.4247993614930534,0.4257507932459317,0,,
11740,6,3488.0,41.9386661962,-87.7112105933,41.9226862843,-87.6494887289,21,7,3.3592766022470486,0.5950623424786984,0,,
11744,6,3492.0,41.8679024175,-87.6429586652,41.8809944707,-87.6327464887,28,32,1.0460842126305716,0.55041413839034,0,,
11745,6,3493.0,41.8849871918,-87.6209929134,41.8679024175,-87.6429586652,32,28,1.634155569797248,0.4840075218262349,0,,
11746,6,3497.0,41.9255880881,-87.7976006842,41.9558592583,-87.7948169935,18,17,2.09642594583567,0.7900182611903714,0,,
11751,6,3505.0,41.8420761168,-87.6339734222,41.6948789661,-87.7131924966,34,74,10.9591021684486,0.5784033288423084,0,,
11753,6,3508.0,41.9278531896,-87.7356259487,41.8950334495,-87.6197106717,20,8,6.376914625105527,0.747840525218435,0,,
11754,6,3508.0,41.8920421365,-87.6318639497,41.8809944707,-87.6327464887,8,32,0.7646697018195042,0.4738532284415374,0,,
11755,6,3509.0,41.8809944707,-87.6327464887,41.8847677845,-87.6841474493,32,28,2.656929302713872,0.5864371700849424,0,,
11758,6,3520.0,41.8922767078,-87.6793974791,41.8853000224,-87.6428084655,24,28,1.9427478557401032,0.3697644803431423,0,,
11761,6,3526.0,41.8710158803,-87.6314065252,41.7904693995,-87.6012851221,32,41,5.777246492350647,0.6240533680965141,0,,
11762,6,3528.0,41.8932163595,-87.6378442095,41.8809944707,-87.6327464887,8,32,0.8842258135030329,0.5126880428688922,0,,
11766,6,3536.0,41.97153938,-87.7389372047,41.8774061234,-87.6219716519,14,32,8.8575742831504,0.5545420991391777,0,,
11767,6,3537.0,41.9002656868,-87.6321092196,41.8983058696,-87.6536139825,8,24,1.1141974039614504,0.5394554345954989,0,,
11768,6,3539.0,41.9428725376,-87.701330291,41.8809944707,-87.6327464887,21,32,5.542045797470141,0.5956004291586475,0,,
11772,6,3553.0,41.8601900192,-87.7172201,41.8788655841,-87.6251921424,29,32,4.90765522698588,0.5318606108071646,0,,
11773,6,3557.0,41.9290776551,-87.6462934762,41.9049353016,-87.6499072264,7,8,1.678393031446678,0.5831088455862207,0,,
11775,6,3563.0,41.9049353016,-87.6499072264,41.8809944707,-87.6327464887,8,32,1.8748995554712309,0.4952155034921753,0,,
11776,6,3567.0,41.794090253,-87.592310855,41.9227606205,-87.6991553432,41,22,10.453130349998062,0.6346598750375578,0,,
11780,6,3574.0,41.9292973683,-87.7980321814,41.9000696026,-87.7209182385,18,23,4.449497753920898,0.754002648208839,0,,
11781,6,3580.0,41.9000696026,-87.7209182385,41.8789144956,-87.7058971305,23,27,1.6533128070555685,0.6400604936689867,0,,
11783,6,3588.0,41.7286693305,-87.6090062203,41.7179672564,-87.6132286335,44,49,0.7708366176405117,0.7147829422478528,0,,
11784,6,3589.0,41.8059116993,-87.5874792581,41.8983058696,-87.6536139825,39,24,7.234513172572485,0.6017316675169943,0,,
11786,6,3596.0,42.0016981937,-87.6735740325,41.9725808001,-87.6940010612,1,4,2.26891201198142,0.7264853004696343,0,,
