return_id,order_id,return_date,return_reason,refund_amount,restockable_flag
RET-900001,ORD-500005,2026-01-26,Changed mind,100.09,0
RET-900002,ORD-500029,2026-01-08,Changed mind,78.64,1
RET-900003,ORD-500037,2026-01-29,Late delivery,114.92,1
RET-900004,ORD-500042,2026-01-15,Damaged,157.97,1
RET-900005,ORD-500045,2026-01-25,Late delivery,103.67,1
RET-900006,ORD-500046,2026-01-13,Wrong item,93.59,1
RET-900007,ORD-500053,2026-01-09,Late delivery,196.37,0
RET-900008,ORD-500068,2026-01-23,Quality issue,103.1,1
RET-900009,ORD-500071,2026-01-31,Damaged,73.01,0
RET-900010,ORD-500097,2026-01-25,Wrong item,122.95,1
RET-900011,ORD-500101,2026-01-13,Wrong item,114.32,0
RET-900012,ORD-500121,2026-01-24,Changed mind,196.58,1
RET-900013,ORD-500129,2026-01-21,Changed mind,403.65,1
RET-900014,ORD-500152,2026-01-20,Wrong item,199.05,1
RET-900015,ORD-500160,2026-01-17,Changed mind,111.19,1
RET-900016,ORD-500175,2026-01-28,Late delivery,206.73,1
RET-900017,ORD-500177,2026-01-29,Late delivery,140.03,1
RET-900018,ORD-500184,2026-01-23,Quality issue,121.57,0
RET-900019,ORD-500195,2026-01-29,Late delivery,167.56,0
RET-900020,ORD-500204,2026-01-18,Wrong item,169.31,1
RET-900021,ORD-500214,2026-01-17,Quality issue,604.51,0
RET-900022,ORD-500216,2026-01-13,Wrong item,171.97,1
RET-900023,ORD-500222,2026-01-21,Changed mind,90.89,1
RET-900024,ORD-500230,2026-01-25,Wrong item,499.66,1
RET-900025,ORD-500236,2026-01-21,Quality issue,357.62,1
RET-900026,ORD-500237,2026-01-11,Late delivery,80.0,1
RET-900027,ORD-500245,2026-01-24,Late delivery,105.23,1
RET-900028,ORD-500263,2026-01-30,Late delivery,198.35,1
RET-900029,ORD-500275,2026-01-15,Changed mind,436.22,1
RET-900030,ORD-500277,2026-01-27,Wrong item,28.85,0
RET-900031,ORD-500278,2026-01-25,Quality issue,186.06,0
RET-900032,ORD-500291,2026-01-18,Damaged,204.75,0
RET-900033,ORD-500303,2026-01-28,Wrong item,136.15,1
RET-900034,ORD-500310,2026-01-14,Changed mind,142.19,0
RET-900035,ORD-500333,2026-02-04,Wrong item,159.26,0
RET-900036,ORD-500357,2026-01-21,Quality issue,33.14,0
RET-900037,ORD-500366,2026-02-04,Wrong item,737.29,0
RET-900038,ORD-500376,2026-01-29,Wrong item,189.81,1
RET-900039,ORD-500378,2026-01-27,Damaged,76.46,1
RET-900040,ORD-500407,2026-01-25,Damaged,122.48,1
RET-900041,ORD-500414,2026-02-03,Quality issue,137.43,1
RET-900042,ORD-500416,2026-02-04,Changed mind,72.61,1
RET-900043,ORD-500421,2026-02-05,Wrong item,76.95,1
RET-900044,ORD-500441,2026-01-24,Damaged,157.16,1
RET-900045,ORD-500449,2026-02-04,Late delivery,184.27,1
RET-900046,ORD-500470,2026-01-25,Quality issue,111.36,1
RET-900047,ORD-500504,2026-01-28,Late delivery,191.65,1
RET-900048,ORD-500505,2026-01-23,Wrong item,51.42,0
RET-900049,ORD-500508,2026-02-03,Changed mind,113.82,1
RET-900050,ORD-500510,2026-01-25,Quality issue,192.98,0
RET-900051,ORD-500512,2026-01-24,Quality issue,443.94,0
RET-900052,ORD-500518,2026-01-22,Changed mind,163.55,1
RET-900053,ORD-500523,2026-01-20,Late delivery,126.53,1
RET-900054,ORD-500533,2026-02-05,Late delivery,121.2,1
RET-900055,ORD-500535,2026-02-06,Wrong item,253.47,1
RET-900056,ORD-500553,2026-01-26,Late delivery,98.73,1
RET-900057,ORD-500555,2026-01-21,Late delivery,115.17,0
RET-900058,ORD-500561,2026-01-26,Wrong item,70.21,0
RET-900059,ORD-500584,2026-02-06,Late delivery,96.28,1
RET-900060,ORD-500599,2026-02-04,Quality issue,183.97,1
RET-900061,ORD-500616,2026-02-05,Quality issue,193.0,1
RET-900062,ORD-500622,2026-02-04,Changed mind,162.95,1
RET-900063,ORD-500651,2026-01-29,Wrong item,126.62,1
RET-900064,ORD-500654,2026-02-01,Damaged,233.9,0
RET-900065,ORD-500656,2026-02-08,Late delivery,569.29,1
RET-900066,ORD-500657,2026-01-26,Damaged,73.32,0
RET-900067,ORD-500677,2026-01-24,Quality issue,231.29,1
RET-900068,ORD-500681,2026-01-27,Late delivery,155.92,1
RET-900069,ORD-500685,2026-02-05,Changed mind,122.46,0
RET-900070,ORD-500689,2026-02-15,Wrong item,37.13,0
RET-900071,ORD-500690,2026-01-30,Changed mind,63.87,1
RET-900072,ORD-500691,2026-02-07,Late delivery,524.12,1
RET-900073,ORD-500697,2026-02-09,Changed mind,127.84,1
RET-900074,ORD-500699,2026-02-09,Wrong item,50.23,0
RET-900075,ORD-500724,2026-02-04,Wrong item,386.96,1
RET-900076,ORD-500727,2026-01-29,Changed mind,98.6,0
RET-900077,ORD-500739,2026-02-04,Quality issue,206.96,1
RET-900078,ORD-500740,2026-02-12,Wrong item,176.17,0
RET-900079,ORD-500759,2026-02-09,Wrong item,196.85,1
RET-900080,ORD-500764,2026-02-10,Changed mind,188.69,1
RET-900081,ORD-500773,2026-02-10,Quality issue,250.34,1
RET-900082,ORD-500778,2026-02-18,Late delivery,356.65,1
RET-900083,ORD-500802,2026-02-15,Quality issue,278.15,1
RET-900084,ORD-500803,2026-02-08,Late delivery,110.11,1
RET-900085,ORD-500804,2026-01-30,Wrong item,24.23,1
RET-900086,ORD-500806,2026-02-12,Damaged,199.37,1
RET-900087,ORD-500812,2026-01-28,Quality issue,380.59,1
RET-900088,ORD-500814,2026-02-11,Wrong item,102.86,0
RET-900089,ORD-500826,2026-02-04,Wrong item,63.44,1
RET-900090,ORD-500834,2026-02-01,Wrong item,455.03,0
RET-900091,ORD-500868,2026-02-12,Damaged,70.68,1
RET-900092,ORD-500882,2026-02-09,Wrong item,144.6,0
RET-900093,ORD-500892,2026-02-04,Changed mind,120.45,1
RET-900094,ORD-500919,2026-01-31,Quality issue,22.31,1
RET-900095,ORD-500926,2026-02-18,Damaged,89.91,1
RET-900096,ORD-500944,2026-02-21,Wrong item,66.43,1
RET-900097,ORD-500964,2026-02-19,Late delivery,134.64,1
RET-900098,ORD-500969,2026-02-17,Quality issue,331.17,1
RET-900099,ORD-500971,2026-02-13,Late delivery,280.23,0
RET-900100,ORD-500989,2026-02-20,Wrong item,181.34,1
RET-900101,ORD-500991,2026-02-13,Late delivery,260.67,1
RET-900102,ORD-500992,2026-02-18,Quality issue,355.51,1
RET-900103,ORD-501002,2026-02-17,Late delivery,188.2,1
RET-900104,ORD-501023,2026-02-20,Damaged,185.46,1
RET-900105,ORD-501029,2026-02-10,Changed mind,119.87,0
RET-900106,ORD-501048,2026-02-08,Quality issue,30.21,1
RET-900107,ORD-501056,2026-02-11,Changed mind,25.64,1
RET-900108,ORD-501065,2026-02-14,Late delivery,162.61,1
RET-900109,ORD-501066,2026-02-22,Damaged,76.34,1
RET-900110,ORD-501070,2026-02-11,Damaged,194.15,0
RET-900111,ORD-501073,2026-02-20,Wrong item,155.39,1
RET-900112,ORD-501079,2026-02-19,Wrong item,102.81,1
RET-900113,ORD-501099,2026-02-24,Wrong item,90.49,1
RET-900114,ORD-501104,2026-02-15,Damaged,151.97,1
RET-900115,ORD-501108,2026-02-12,Late delivery,248.24,1
RET-900116,ORD-501115,2026-02-25,Wrong item,34.86,1
RET-900117,ORD-501123,2026-02-19,Damaged,440.69,1
RET-900118,ORD-501136,2026-02-19,Quality issue,80.46,0
RET-900119,ORD-501145,2026-02-08,Damaged,164.07,1
RET-900120,ORD-501149,2026-02-23,Changed mind,186.39,1
RET-900121,ORD-501151,2026-02-10,Wrong item,68.81,1
RET-900122,ORD-501165,2026-02-18,Damaged,354.59,1
RET-900123,ORD-501166,2026-02-25,Wrong item,201.9,0
RET-900124,ORD-501182,2026-02-23,Damaged,832.14,1
RET-900125,ORD-501195,2026-02-21,Damaged,178.32,1
RET-900126,ORD-501198,2026-02-13,Late delivery,516.87,1
RET-900127,ORD-501206,2026-02-14,Wrong item,368.08,0
RET-900128,ORD-501212,2026-02-24,Late delivery,264.4,1
RET-900129,ORD-501227,2026-02-12,Wrong item,49.35,1
RET-900130,ORD-501247,2026-02-28,Quality issue,117.55,1
RET-900131,ORD-501248,2026-02-14,Late delivery,141.2,1
RET-900132,ORD-501250,2026-02-15,Late delivery,183.26,1
RET-900133,ORD-501257,2026-02-16,Quality issue,106.72,1
RET-900134,ORD-501260,2026-02-28,Quality issue,136.82,1
RET-900135,ORD-501284,2026-02-09,Wrong item,174.79,0
RET-900136,ORD-501304,2026-02-20,Quality issue,212.25,1
RET-900137,ORD-501305,2026-02-13,Changed mind,265.3,1
RET-900138,ORD-501312,2026-02-15,Late delivery,63.58,0
RET-900139,ORD-501354,2026-02-15,Changed mind,161.46,0
RET-900140,ORD-501356,2026-02-17,Late delivery,202.09,1
RET-900141,ORD-501366,2026-03-04,Changed mind,67.57,1
RET-900142,ORD-501368,2026-02-26,Late delivery,166.26,1
RET-900143,ORD-501389,2026-02-15,Quality issue,244.01,1
RET-900144,ORD-501400,2026-02-22,Quality issue,261.05,1
RET-900145,ORD-501402,2026-02-25,Damaged,135.71,1
RET-900146,ORD-501404,2026-03-04,Late delivery,99.5,0
RET-900147,ORD-501405,2026-02-21,Changed mind,63.39,1
RET-900148,ORD-501408,2026-03-04,Changed mind,746.54,1
RET-900149,ORD-501410,2026-03-02,Damaged,183.67,1
RET-900150,ORD-501429,2026-03-04,Wrong item,80.22,1
RET-900151,ORD-501431,2026-02-19,Changed mind,246.67,1
RET-900152,ORD-501432,2026-02-14,Wrong item,276.0,1
RET-900153,ORD-501445,2026-03-03,Late delivery,84.82,1
RET-900154,ORD-501448,2026-02-25,Wrong item,108.79,0
RET-900155,ORD-501455,2026-03-04,Quality issue,195.55,1
RET-900156,ORD-501479,2026-03-07,Changed mind,211.33,1
RET-900157,ORD-501485,2026-02-26,Quality issue,194.79,1
RET-900158,ORD-501515,2026-02-27,Late delivery,96.07,1
RET-900159,ORD-501531,2026-02-26,Damaged,29.31,1
RET-900160,ORD-501536,2026-02-19,Quality issue,425.67,1
RET-900161,ORD-501552,2026-02-26,Wrong item,28.83,1
RET-900162,ORD-501557,2026-02-24,Changed mind,189.7,1
RET-900163,ORD-501565,2026-02-23,Damaged,113.24,1
RET-900164,ORD-501567,2026-03-09,Wrong item,153.89,1
RET-900165,ORD-501583,2026-03-06,Late delivery,32.7,1
RET-900166,ORD-501588,2026-03-02,Quality issue,29.34,1
RET-900167,ORD-501592,2026-02-24,Changed mind,65.49,1
RET-900168,ORD-501595,2026-03-03,Wrong item,123.33,1
RET-900169,ORD-501648,2026-03-02,Late delivery,388.02,1
RET-900170,ORD-501658,2026-02-25,Late delivery,155.28,1
RET-900171,ORD-501669,2026-02-28,Changed mind,33.23,1
RET-900172,ORD-501673,2026-03-07,Damaged,26.51,0
RET-900173,ORD-501682,2026-02-25,Changed mind,251.5,1
RET-900174,ORD-501684,2026-02-28,Wrong item,165.75,0
RET-900175,ORD-501689,2026-03-02,Late delivery,66.39,1
RET-900176,ORD-501702,2026-03-02,Late delivery,105.67,1
RET-900177,ORD-501703,2026-03-05,Late delivery,94.46,1
RET-900178,ORD-501707,2026-02-22,Damaged,89.55,1
RET-900179,ORD-501709,2026-02-26,Quality issue,21.12,1
RET-900180,ORD-501721,2026-03-12,Late delivery,80.49,1
RET-900181,ORD-501737,2026-02-25,Wrong item,466.62,1
RET-900182,ORD-501740,2026-03-12,Quality issue,152.26,1
RET-900183,ORD-501764,2026-03-01,Changed mind,153.61,1
RET-900184,ORD-501765,2026-03-11,Changed mind,63.42,0
RET-900185,ORD-501770,2026-03-02,Quality issue,218.2,0
RET-900186,ORD-501777,2026-03-01,Changed mind,115.15,1
RET-900187,ORD-501818,2026-02-25,Changed mind,232.91,1
RET-900188,ORD-501829,2026-03-11,Changed mind,155.1,0
RET-900189,ORD-501830,2026-03-09,Late delivery,114.0,1
RET-900190,ORD-501832,2026-03-08,Changed mind,194.7,1
RET-900191,ORD-501835,2026-03-14,Late delivery,58.93,0
RET-900192,ORD-501859,2026-03-16,Damaged,204.26,1
RET-900193,ORD-501867,2026-02-25,Late delivery,198.53,1
RET-900194,ORD-501879,2026-03-14,Damaged,106.71,0
RET-900195,ORD-501882,2026-03-06,Quality issue,28.07,0
RET-900196,ORD-501904,2026-03-12,Quality issue,100.78,1
RET-900197,ORD-501920,2026-03-11,Damaged,582.08,0
RET-900198,ORD-501923,2026-03-16,Quality issue,165.47,1
RET-900199,ORD-501925,2026-03-05,Wrong item,92.32,1
RET-900200,ORD-501928,2026-03-14,Wrong item,266.91,1
RET-900201,ORD-501929,2026-02-25,Late delivery,335.62,1
RET-900202,ORD-501939,2026-02-28,Changed mind,361.07,0
RET-900203,ORD-501946,2026-03-15,Late delivery,167.68,1
RET-900204,ORD-501965,2026-03-12,Quality issue,135.77,1
RET-900205,ORD-501983,2026-03-13,Late delivery,92.31,1
RET-900206,ORD-501990,2026-03-05,Damaged,123.98,1
RET-900207,ORD-502001,2026-03-13,Damaged,80.8,0
RET-900208,ORD-502024,2026-03-13,Late delivery,95.94,1
RET-900209,ORD-502037,2026-03-05,Late delivery,177.15,1
RET-900210,ORD-502045,2026-03-02,Late delivery,433.45,0
RET-900211,ORD-502048,2026-03-15,Late delivery,28.03,0
RET-900212,ORD-502052,2026-03-08,Changed mind,98.62,0
RET-900213,ORD-502062,2026-03-11,Changed mind,134.09,1
RET-900214,ORD-502066,2026-03-19,Late delivery,116.87,1
RET-900215,ORD-502070,2026-03-16,Changed mind,63.63,0
RET-900216,ORD-502097,2026-03-14,Quality issue,80.01,1
RET-900217,ORD-502108,2026-03-13,Late delivery,150.75,1
RET-900218,ORD-502135,2026-03-19,Damaged,77.52,1
RET-900219,ORD-502160,2026-03-16,Damaged,472.79,0
RET-900220,ORD-502162,2026-03-09,Wrong item,172.86,1
RET-900221,ORD-502164,2026-03-17,Late delivery,27.02,1
RET-900222,ORD-502167,2026-03-14,Wrong item,423.13,1
RET-900223,ORD-502173,2026-03-15,Wrong item,101.75,1
RET-900224,ORD-502176,2026-03-10,Damaged,172.53,1
RET-900225,ORD-502177,2026-03-20,Late delivery,49.78,1
RET-900226,ORD-502178,2026-03-19,Late delivery,61.09,1
RET-900227,ORD-502183,2026-03-24,Wrong item,33.7,1
RET-900228,ORD-502189,2026-03-13,Damaged,108.44,1
RET-900229,ORD-502196,2026-03-17,Changed mind,174.85,0
RET-900230,ORD-502197,2026-03-19,Damaged,33.16,1
RET-900231,ORD-502198,2026-03-04,Changed mind,619.93,1
RET-900232,ORD-502211,2026-03-24,Changed mind,192.93,1
RET-900233,ORD-502212,2026-03-24,Quality issue,65.28,1
RET-900234,ORD-502221,2026-03-19,Wrong item,184.8,0
RET-900235,ORD-502233,2026-03-22,Changed mind,60.34,1
RET-900236,ORD-502235,2026-03-25,Quality issue,61.47,0
RET-900237,ORD-502237,2026-03-14,Damaged,28.45,1
RET-900238,ORD-502241,2026-03-12,Changed mind,538.15,1
RET-900239,ORD-502266,2026-03-15,Late delivery,207.21,1
RET-900240,ORD-502291,2026-03-12,Late delivery,136.74,1
RET-900241,ORD-502303,2026-03-27,Late delivery,108.89,1
RET-900242,ORD-502310,2026-03-20,Changed mind,211.98,1
RET-900243,ORD-502318,2026-03-22,Wrong item,220.55,1
RET-900244,ORD-502322,2026-03-17,Quality issue,166.01,1
RET-900245,ORD-502323,2026-03-12,Quality issue,276.77,1
RET-900246,ORD-502343,2026-03-18,Damaged,398.06,1
RET-900247,ORD-502353,2026-03-24,Wrong item,31.92,1
RET-900248,ORD-502356,2026-03-24,Quality issue,280.45,1
RET-900249,ORD-502363,2026-03-19,Quality issue,133.42,1
RET-900250,ORD-502370,2026-03-15,Late delivery,99.15,1
RET-900251,ORD-502377,2026-03-17,Quality issue,360.17,1
RET-900252,ORD-502390,2026-03-13,Changed mind,154.32,1
RET-900253,ORD-502393,2026-03-24,Damaged,137.82,1
RET-900254,ORD-502443,2026-03-19,Changed mind,83.44,1
RET-900255,ORD-502481,2026-04-01,Late delivery,153.61,1
RET-900256,ORD-502500,2026-03-30,Damaged,167.22,1
RET-900257,ORD-502502,2026-03-31,Quality issue,166.2,1
RET-900258,ORD-502515,2026-03-15,Damaged,196.81,1
RET-900259,ORD-502517,2026-03-30,Damaged,166.15,1
RET-900260,ORD-502525,2026-03-29,Late delivery,102.28,0
RET-900261,ORD-502530,2026-03-16,Changed mind,122.9,1
RET-900262,ORD-502531,2026-04-01,Quality issue,115.87,1
RET-900263,ORD-502534,2026-03-18,Quality issue,651.75,1
RET-900264,ORD-502537,2026-03-16,Late delivery,57.78,1
RET-900265,ORD-502552,2026-03-23,Late delivery,176.05,0
RET-900266,ORD-502553,2026-03-28,Late delivery,177.26,0
RET-900267,ORD-502555,2026-03-27,Damaged,92.72,1
RET-900268,ORD-502561,2026-04-02,Changed mind,97.94,1
RET-900269,ORD-502579,2026-03-19,Late delivery,25.6,1
RET-900270,ORD-502582,2026-03-23,Damaged,150.89,1
RET-900271,ORD-502588,2026-03-18,Wrong item,45.85,1
RET-900272,ORD-502611,2026-03-31,Changed mind,127.41,1
RET-900273,ORD-502614,2026-04-06,Damaged,226.51,1
RET-900274,ORD-502615,2026-03-27,Quality issue,180.4,1
RET-900275,ORD-502623,2026-04-02,Late delivery,79.93,1
RET-900276,ORD-502641,2026-03-21,Quality issue,132.27,1
RET-900277,ORD-502643,2026-03-22,Quality issue,138.79,1
RET-900278,ORD-502645,2026-03-22,Wrong item,177.93,1
RET-900279,ORD-502646,2026-03-19,Changed mind,108.89,1
RET-900280,ORD-502652,2026-03-26,Late delivery,157.43,1
RET-900281,ORD-502654,2026-03-27,Changed mind,827.66,0
RET-900282,ORD-502656,2026-03-26,Late delivery,335.27,1
RET-900283,ORD-502658,2026-03-30,Late delivery,153.76,1
RET-900284,ORD-502694,2026-03-22,Damaged,106.41,0
RET-900285,ORD-502698,2026-03-23,Damaged,165.19,1
RET-900286,ORD-502719,2026-04-04,Wrong item,141.83,1
RET-900287,ORD-502732,2026-03-30,Late delivery,93.65,1
RET-900288,ORD-502738,2026-03-29,Quality issue,114.66,1
RET-900289,ORD-502747,2026-04-04,Late delivery,118.14,0
RET-900290,ORD-502758,2026-03-23,Quality issue,186.68,1
RET-900291,ORD-502761,2026-03-18,Wrong item,123.99,1
RET-900292,ORD-502791,2026-04-09,Damaged,403.21,1
RET-900293,ORD-502824,2026-03-26,Quality issue,172.69,0
RET-900294,ORD-502830,2026-03-30,Wrong item,95.99,0
RET-900295,ORD-502840,2026-03-26,Quality issue,56.05,1
RET-900296,ORD-502853,2026-03-26,Quality issue,313.08,0
RET-900297,ORD-502896,2026-03-23,Quality issue,305.24,1
RET-900298,ORD-502907,2026-03-23,Changed mind,90.15,1
RET-900299,ORD-502908,2026-03-27,Late delivery,383.56,1
RET-900300,ORD-502925,2026-04-10,Damaged,165.61,1
RET-900301,ORD-502926,2026-04-05,Damaged,105.13,0
RET-900302,ORD-502929,2026-04-04,Quality issue,36.52,1
RET-900303,ORD-502931,2026-04-07,Changed mind,149.51,1
RET-900304,ORD-502932,2026-04-04,Wrong item,149.66,1
RET-900305,ORD-502933,2026-04-05,Quality issue,327.39,1
RET-900306,ORD-502936,2026-04-04,Damaged,56.68,1
RET-900307,ORD-502963,2026-03-24,Changed mind,251.74,1
RET-900308,ORD-502965,2026-03-28,Damaged,66.57,0
RET-900309,ORD-502974,2026-03-27,Quality issue,783.6,1
RET-900310,ORD-502989,2026-04-13,Quality issue,259.07,1
RET-900311,ORD-503024,2026-04-01,Damaged,210.29,1
RET-900312,ORD-503028,2026-03-25,Changed mind,74.2,1
RET-900313,ORD-503031,2026-03-24,Damaged,200.03,1
RET-900314,ORD-503043,2026-04-10,Wrong item,79.41,0
RET-900315,ORD-503050,2026-03-30,Changed mind,87.05,0
RET-900316,ORD-503058,2026-03-27,Changed mind,117.88,1
RET-900317,ORD-503067,2026-04-05,Changed mind,31.55,1
RET-900318,ORD-503075,2026-03-30,Changed mind,417.69,0
RET-900319,ORD-503080,2026-04-09,Changed mind,391.12,1
RET-900320,ORD-503081,2026-03-29,Late delivery,137.04,1
RET-900321,ORD-503084,2026-04-13,Late delivery,171.93,1
RET-900322,ORD-503098,2026-04-06,Damaged,91.0,1
RET-900323,ORD-503105,2026-04-07,Wrong item,207.03,0
RET-900324,ORD-503122,2026-04-03,Wrong item,366.37,1
RET-900325,ORD-503130,2026-04-07,Quality issue,47.28,1
RET-900326,ORD-503144,2026-04-15,Damaged,339.22,1
RET-900327,ORD-503154,2026-03-31,Quality issue,190.54,1
RET-900328,ORD-503169,2026-03-31,Late delivery,26.77,1
RET-900329,ORD-503171,2026-04-07,Changed mind,155.31,1
RET-900330,ORD-503173,2026-04-10,Quality issue,125.24,1
RET-900331,ORD-503194,2026-03-29,Quality issue,199.45,1
RET-900332,ORD-503198,2026-04-16,Wrong item,148.49,0
RET-900333,ORD-503206,2026-04-03,Quality issue,230.15,1
RET-900334,ORD-503207,2026-04-02,Wrong item,107.33,0
RET-900335,ORD-503210,2026-03-29,Quality issue,100.2,1
RET-900336,ORD-503215,2026-04-14,Quality issue,145.11,1
RET-900337,ORD-503221,2026-04-04,Damaged,205.63,1
RET-900338,ORD-503243,2026-04-14,Damaged,74.12,1
RET-900339,ORD-503248,2026-04-01,Late delivery,26.32,1
RET-900340,ORD-503256,2026-04-11,Changed mind,177.21,1
RET-900341,ORD-503260,2026-04-03,Changed mind,88.3,0
RET-900342,ORD-503266,2026-04-13,Late delivery,147.32,1
RET-900343,ORD-503269,2026-04-18,Wrong item,27.86,0
RET-900344,ORD-503287,2026-04-04,Quality issue,92.45,1
RET-900345,ORD-503295,2026-04-05,Late delivery,133.08,0
RET-900346,ORD-503297,2026-04-09,Wrong item,103.94,1
RET-900347,ORD-503305,2026-04-06,Late delivery,186.08,1
RET-900348,ORD-503314,2026-04-04,Changed mind,120.43,1
RET-900349,ORD-503331,2026-04-08,Quality issue,89.19,1
RET-900350,ORD-503336,2026-04-05,Damaged,250.6,1
RET-900351,ORD-503343,2026-04-02,Quality issue,110.38,1
RET-900352,ORD-503344,2026-04-10,Changed mind,130.66,0
RET-900353,ORD-503360,2026-04-15,Late delivery,62.02,1
RET-900354,ORD-503370,2026-04-17,Wrong item,352.1,1
RET-900355,ORD-503381,2026-04-22,Changed mind,176.04,1
RET-900356,ORD-503394,2026-04-14,Quality issue,87.31,1
RET-900357,ORD-503397,2026-04-10,Changed mind,84.5,1
RET-900358,ORD-503398,2026-04-08,Late delivery,426.12,1
RET-900359,ORD-503403,2026-04-13,Changed mind,102.08,1
RET-900360,ORD-503417,2026-04-22,Damaged,77.73,1
RET-900361,ORD-503432,2026-04-14,Late delivery,157.04,1
RET-900362,ORD-503433,2026-04-14,Quality issue,124.61,1
RET-900363,ORD-503444,2026-04-21,Changed mind,74.47,1
RET-900364,ORD-503446,2026-04-11,Quality issue,134.6,0
RET-900365,ORD-503464,2026-04-09,Wrong item,61.93,1
RET-900366,ORD-503501,2026-04-13,Wrong item,207.95,1
RET-900367,ORD-503506,2026-04-10,Damaged,230.56,0
RET-900368,ORD-503508,2026-04-11,Quality issue,173.69,1
RET-900369,ORD-503509,2026-04-18,Wrong item,197.46,0
RET-900370,ORD-503516,2026-04-14,Quality issue,255.61,1
RET-900371,ORD-503547,2026-04-08,Changed mind,544.14,1
RET-900372,ORD-503549,2026-04-17,Late delivery,353.35,1
RET-900373,ORD-503553,2026-04-25,Late delivery,104.62,1
RET-900374,ORD-503555,2026-04-11,Damaged,311.1,1
RET-900375,ORD-503560,2026-04-08,Damaged,34.78,0
RET-900376,ORD-503563,2026-04-12,Damaged,397.06,1
RET-900377,ORD-503611,2026-04-08,Damaged,198.14,0
RET-900378,ORD-503618,2026-04-22,Wrong item,232.88,1
RET-900379,ORD-503628,2026-04-21,Wrong item,29.73,1
RET-900380,ORD-503652,2026-04-21,Quality issue,769.43,1
RET-900381,ORD-503677,2026-04-24,Wrong item,70.85,1
RET-900382,ORD-503704,2026-04-23,Quality issue,186.08,1
RET-900383,ORD-503705,2026-04-29,Late delivery,28.41,1
RET-900384,ORD-503710,2026-04-16,Changed mind,111.29,1
RET-900385,ORD-503713,2026-04-28,Changed mind,429.82,1
RET-900386,ORD-503720,2026-04-26,Quality issue,369.82,1
RET-900387,ORD-503726,2026-04-17,Changed mind,93.18,1
RET-900388,ORD-503744,2026-04-29,Changed mind,129.16,1
RET-900389,ORD-503748,2026-04-23,Changed mind,131.36,1
RET-900390,ORD-503761,2026-04-13,Wrong item,185.15,1
RET-900391,ORD-503762,2026-04-20,Damaged,259.28,1
RET-900392,ORD-503766,2026-04-19,Quality issue,28.77,0
RET-900393,ORD-503780,2026-04-13,Wrong item,63.54,1
RET-900394,ORD-503787,2026-04-13,Damaged,601.01,1
RET-900395,ORD-503790,2026-04-26,Late delivery,113.25,0
RET-900396,ORD-503794,2026-05-03,Wrong item,105.45,1
RET-900397,ORD-503809,2026-04-16,Changed mind,138.92,1
RET-900398,ORD-503820,2026-04-25,Quality issue,422.53,1
RET-900399,ORD-503827,2026-04-24,Wrong item,93.14,1
RET-900400,ORD-503839,2026-04-18,Wrong item,162.34,1
RET-900401,ORD-503846,2026-05-01,Wrong item,29.35,0
RET-900402,ORD-503848,2026-04-21,Quality issue,26.29,1
RET-900403,ORD-503851,2026-04-27,Damaged,100.76,1
RET-900404,ORD-503859,2026-04-20,Wrong item,24.62,1
RET-900405,ORD-503865,2026-04-30,Late delivery,168.74,1
RET-900406,ORD-503866,2026-04-17,Quality issue,177.42,1
RET-900407,ORD-503867,2026-04-13,Damaged,93.71,1
RET-900408,ORD-503934,2026-04-20,Wrong item,384.97,1
RET-900409,ORD-503939,2026-04-16,Damaged,273.37,1
RET-900410,ORD-503944,2026-04-22,Wrong item,31.19,1
RET-900411,ORD-503949,2026-04-18,Damaged,168.45,1
RET-900412,ORD-503950,2026-04-29,Wrong item,165.0,1
RET-900413,ORD-503958,2026-05-01,Late delivery,325.13,1
RET-900414,ORD-503963,2026-05-07,Damaged,91.61,0
RET-900415,ORD-503968,2026-05-02,Late delivery,233.93,1
RET-900416,ORD-503975,2026-05-04,Wrong item,66.21,1
RET-900417,ORD-503977,2026-04-20,Wrong item,121.87,0
RET-900418,ORD-504002,2026-04-21,Late delivery,338.97,0
RET-900419,ORD-504023,2026-04-25,Wrong item,122.39,0
RET-900420,ORD-504037,2026-05-01,Quality issue,79.75,1
RET-900421,ORD-504044,2026-04-23,Late delivery,443.32,0
RET-900422,ORD-504045,2026-04-25,Wrong item,169.2,1
RET-900423,ORD-504050,2026-04-19,Late delivery,80.85,1
RET-900424,ORD-504064,2026-04-25,Damaged,112.41,1
RET-900425,ORD-504086,2026-04-29,Wrong item,116.01,0
RET-900426,ORD-504104,2026-04-23,Wrong item,352.07,1
RET-900427,ORD-504105,2026-04-28,Late delivery,106.35,0
RET-900428,ORD-504107,2026-04-24,Late delivery,176.21,1
RET-900429,ORD-504127,2026-04-21,Changed mind,373.78,1
RET-900430,ORD-504145,2026-05-02,Late delivery,61.84,0
RET-900431,ORD-504157,2026-05-09,Wrong item,233.98,1
RET-900432,ORD-504164,2026-05-04,Late delivery,127.28,1
RET-900433,ORD-504167,2026-04-30,Changed mind,86.21,0
RET-900434,ORD-504169,2026-05-10,Wrong item,151.78,0
RET-900435,ORD-504175,2026-05-05,Changed mind,340.99,1
RET-900436,ORD-504176,2026-05-04,Quality issue,271.81,1
RET-900437,ORD-504179,2026-05-10,Wrong item,237.64,0
RET-900438,ORD-504189,2026-04-27,Damaged,342.63,1
RET-900439,ORD-504196,2026-04-26,Damaged,79.3,1
RET-900440,ORD-504207,2026-05-01,Late delivery,418.2,0
RET-900441,ORD-504208,2026-05-06,Damaged,74.42,0
RET-900442,ORD-504209,2026-05-09,Late delivery,118.66,0
RET-900443,ORD-504221,2026-05-01,Quality issue,340.24,1
RET-900444,ORD-504227,2026-04-30,Late delivery,686.12,1
RET-900445,ORD-504235,2026-05-02,Damaged,136.3,1
RET-900446,ORD-504245,2026-04-21,Quality issue,50.81,1
RET-900447,ORD-504247,2026-05-02,Late delivery,71.66,1
RET-900448,ORD-504250,2026-04-24,Late delivery,218.7,1
RET-900449,ORD-504263,2026-05-07,Quality issue,24.39,1
RET-900450,ORD-504277,2026-05-08,Changed mind,116.64,1
RET-900451,ORD-504306,2026-05-04,Wrong item,112.7,1
RET-900452,ORD-504323,2026-05-05,Quality issue,68.15,0
RET-900453,ORD-504329,2026-04-28,Late delivery,39.08,1
RET-900454,ORD-504330,2026-05-13,Quality issue,253.02,1
RET-900455,ORD-504344,2026-05-09,Changed mind,134.81,0
RET-900456,ORD-504346,2026-05-07,Changed mind,83.6,1
RET-900457,ORD-504350,2026-05-01,Quality issue,121.68,1
RET-900458,ORD-504357,2026-05-04,Changed mind,155.84,0
RET-900459,ORD-504361,2026-05-07,Damaged,79.11,0
RET-900460,ORD-504386,2026-05-02,Damaged,65.83,1
RET-900461,ORD-504392,2026-04-26,Damaged,124.0,1
RET-900462,ORD-504393,2026-04-28,Wrong item,185.23,1
RET-900463,ORD-504406,2026-05-13,Late delivery,456.84,1
RET-900464,ORD-504412,2026-05-04,Wrong item,123.55,1
RET-900465,ORD-504415,2026-05-01,Late delivery,421.3,1
RET-900466,ORD-504419,2026-05-20,Damaged,480.51,1
RET-900467,ORD-504438,2026-05-04,Damaged,179.1,1
RET-900468,ORD-504443,2026-05-10,Quality issue,71.13,1
RET-900469,ORD-504465,2026-05-11,Quality issue,114.53,0
RET-900470,ORD-504471,2026-04-30,Quality issue,112.2,1
RET-900471,ORD-504480,2026-05-06,Changed mind,57.49,1
RET-900472,ORD-504481,2026-05-16,Wrong item,600.85,1
RET-900473,ORD-504490,2026-05-09,Damaged,149.14,1
RET-900474,ORD-504492,2026-05-14,Quality issue,55.5,0
RET-900475,ORD-504498,2026-05-19,Damaged,94.09,1
RET-900476,ORD-504521,2026-05-09,Changed mind,166.23,1
RET-900477,ORD-504525,2026-05-06,Changed mind,92.05,0
RET-900478,ORD-504544,2026-05-01,Wrong item,174.11,1
RET-900479,ORD-504559,2026-05-16,Wrong item,135.9,1
RET-900480,ORD-504561,2026-05-05,Wrong item,105.79,1
RET-900481,ORD-504572,2026-05-19,Damaged,184.29,1
RET-900482,ORD-504573,2026-05-07,Changed mind,142.15,1
RET-900483,ORD-504581,2026-05-09,Wrong item,355.7,1
RET-900484,ORD-504590,2026-05-09,Wrong item,144.02,1
RET-900485,ORD-504601,2026-05-14,Changed mind,471.58,1
RET-900486,ORD-504605,2026-05-16,Damaged,173.77,0
RET-900487,ORD-504606,2026-05-10,Late delivery,96.09,1
RET-900488,ORD-504636,2026-05-16,Damaged,406.25,0
RET-900489,ORD-504639,2026-05-16,Quality issue,70.81,1
RET-900490,ORD-504650,2026-05-16,Damaged,439.69,1
RET-900491,ORD-504664,2026-05-11,Changed mind,57.83,1
RET-900492,ORD-504671,2026-05-06,Changed mind,595.93,1
RET-900493,ORD-504687,2026-05-06,Wrong item,207.55,1
RET-900494,ORD-504697,2026-05-06,Quality issue,236.2,0
RET-900495,ORD-504705,2026-05-03,Quality issue,165.99,0
RET-900496,ORD-504713,2026-05-20,Late delivery,283.13,1
RET-900497,ORD-504717,2026-05-20,Damaged,73.57,1
RET-900498,ORD-504719,2026-05-04,Quality issue,110.74,1
RET-900499,ORD-504722,2026-05-17,Wrong item,101.77,1
RET-900500,ORD-504729,2026-05-12,Wrong item,369.69,0
RET-900501,ORD-504730,2026-05-10,Damaged,93.29,0
RET-900502,ORD-504732,2026-05-04,Wrong item,108.24,1
RET-900503,ORD-504749,2026-05-15,Late delivery,84.85,1
RET-900504,ORD-504751,2026-05-21,Late delivery,149.68,1
RET-900505,ORD-504758,2026-05-05,Quality issue,127.4,1
RET-900506,ORD-504761,2026-05-17,Late delivery,217.17,1
RET-900507,ORD-504763,2026-05-19,Damaged,284.58,0
RET-900508,ORD-504770,2026-05-11,Wrong item,71.07,1
RET-900509,ORD-504773,2026-05-17,Wrong item,164.03,1
RET-900510,ORD-504792,2026-05-12,Late delivery,242.9,1
RET-900511,ORD-504799,2026-05-10,Quality issue,132.96,0
RET-900512,ORD-504817,2026-05-21,Late delivery,36.87,1
RET-900513,ORD-504818,2026-05-18,Wrong item,32.71,1
RET-900514,ORD-504824,2026-05-17,Damaged,41.77,1
RET-900515,ORD-504835,2026-05-27,Wrong item,283.63,0
RET-900516,ORD-504847,2026-05-10,Late delivery,425.04,0
RET-900517,ORD-504860,2026-05-13,Quality issue,180.04,1
RET-900518,ORD-504876,2026-05-20,Late delivery,140.34,1
RET-900519,ORD-504887,2026-05-12,Late delivery,116.03,1
RET-900520,ORD-504889,2026-05-26,Damaged,171.34,1
RET-900521,ORD-504896,2026-05-11,Wrong item,235.43,1
RET-900522,ORD-504909,2026-05-18,Changed mind,116.46,1
RET-900523,ORD-504916,2026-05-27,Wrong item,167.09,1
RET-900524,ORD-504941,2026-05-20,Wrong item,108.49,0
RET-900525,ORD-504946,2026-05-13,Quality issue,153.87,0
RET-900526,ORD-504952,2026-05-12,Quality issue,98.38,1
RET-900527,ORD-504953,2026-05-23,Changed mind,503.62,1
RET-900528,ORD-504960,2026-05-27,Quality issue,73.69,0
RET-900529,ORD-504972,2026-05-11,Changed mind,25.91,1
RET-900530,ORD-504975,2026-05-29,Wrong item,316.57,1
RET-900531,ORD-504985,2026-05-24,Late delivery,191.15,1
RET-900532,ORD-505017,2026-05-19,Damaged,128.63,1
RET-900533,ORD-505018,2026-05-21,Quality issue,229.42,0
RET-900534,ORD-505025,2026-05-30,Late delivery,180.94,0
RET-900535,ORD-505030,2026-05-17,Late delivery,352.83,1
RET-900536,ORD-505043,2026-05-20,Late delivery,172.24,1
RET-900537,ORD-505049,2026-05-22,Damaged,99.18,1
RET-900538,ORD-505055,2026-06-03,Late delivery,175.55,1
RET-900539,ORD-505056,2026-05-19,Wrong item,106.05,0
RET-900540,ORD-505070,2026-05-30,Late delivery,64.07,1
RET-900541,ORD-505074,2026-05-20,Wrong item,143.5,1
RET-900542,ORD-505083,2026-05-19,Quality issue,430.6,0
RET-900543,ORD-505093,2026-05-24,Quality issue,92.78,1
RET-900544,ORD-505101,2026-05-16,Changed mind,76.23,1
RET-900545,ORD-505116,2026-05-20,Wrong item,197.97,1
RET-900546,ORD-505132,2026-05-25,Changed mind,503.94,0
RET-900547,ORD-505136,2026-06-01,Changed mind,64.94,0
RET-900548,ORD-505140,2026-05-21,Wrong item,188.19,0
RET-900549,ORD-505144,2026-05-18,Quality issue,132.51,1
RET-900550,ORD-505153,2026-05-19,Changed mind,108.28,0
RET-900551,ORD-505154,2026-05-17,Late delivery,355.0,1
RET-900552,ORD-505170,2026-05-21,Changed mind,51.31,1
RET-900553,ORD-505173,2026-05-26,Quality issue,113.53,1
RET-900554,ORD-505175,2026-05-21,Quality issue,155.64,0
RET-900555,ORD-505214,2026-05-22,Wrong item,123.72,1
RET-900556,ORD-505221,2026-05-24,Wrong item,126.61,1
RET-900557,ORD-505233,2026-05-26,Changed mind,208.97,1
RET-900558,ORD-505239,2026-05-21,Quality issue,119.73,1
RET-900559,ORD-505254,2026-05-23,Late delivery,157.73,1
RET-900560,ORD-505262,2026-06-06,Late delivery,133.12,1
RET-900561,ORD-505266,2026-05-28,Changed mind,87.61,1
RET-900562,ORD-505275,2026-05-31,Late delivery,194.72,1
RET-900563,ORD-505279,2026-05-26,Damaged,66.7,1
RET-900564,ORD-505293,2026-06-01,Quality issue,58.61,1
RET-900565,ORD-505301,2026-06-03,Late delivery,117.47,0
RET-900566,ORD-505313,2026-06-04,Quality issue,505.45,0
RET-900567,ORD-505322,2026-05-20,Quality issue,88.71,1
RET-900568,ORD-505324,2026-06-05,Damaged,26.53,1
RET-900569,ORD-505326,2026-05-27,Wrong item,68.53,0
RET-900570,ORD-505332,2026-05-28,Late delivery,92.17,1
RET-900571,ORD-505359,2026-05-23,Wrong item,74.76,1
RET-900572,ORD-505386,2026-05-27,Late delivery,227.58,1
RET-900573,ORD-505388,2026-05-29,Quality issue,205.99,1
RET-900574,ORD-505394,2026-05-21,Late delivery,488.85,1
RET-900575,ORD-505399,2026-06-08,Late delivery,115.03,1
RET-900576,ORD-505408,2026-05-23,Quality issue,106.04,0
RET-900577,ORD-505433,2026-06-08,Wrong item,28.56,0
RET-900578,ORD-505434,2026-06-02,Damaged,121.85,1
RET-900579,ORD-505446,2026-06-13,Changed mind,86.67,1
RET-900580,ORD-505454,2026-05-28,Wrong item,118.69,1
RET-900581,ORD-505457,2026-06-12,Quality issue,146.81,1
RET-900582,ORD-505461,2026-05-27,Wrong item,115.74,0
RET-900583,ORD-505465,2026-06-12,Changed mind,26.36,0
RET-900584,ORD-505479,2026-06-13,Damaged,397.95,0
RET-900585,ORD-505485,2026-05-27,Changed mind,191.11,1
RET-900586,ORD-505486,2026-06-08,Changed mind,187.14,0
RET-900587,ORD-505494,2026-06-10,Damaged,23.16,1
RET-900588,ORD-505495,2026-05-30,Wrong item,184.23,1
RET-900589,ORD-505498,2026-05-30,Quality issue,85.61,1
RET-900590,ORD-505513,2026-05-26,Quality issue,48.73,1
RET-900591,ORD-505515,2026-05-26,Late delivery,412.83,1
RET-900592,ORD-505520,2026-06-03,Damaged,106.84,1
RET-900593,ORD-505529,2026-05-23,Changed mind,169.38,1
RET-900594,ORD-505539,2026-06-10,Quality issue,213.59,1
RET-900595,ORD-505553,2026-05-29,Quality issue,34.07,1
RET-900596,ORD-505559,2026-06-09,Late delivery,74.55,1
RET-900597,ORD-505569,2026-06-05,Damaged,66.78,1
RET-900598,ORD-505573,2026-05-23,Late delivery,212.11,1
RET-900599,ORD-505580,2026-05-25,Quality issue,71.59,1
RET-900600,ORD-505620,2026-06-16,Damaged,66.64,1
RET-900601,ORD-505623,2026-06-01,Damaged,66.0,1
RET-900602,ORD-505628,2026-06-02,Late delivery,242.61,1
RET-900603,ORD-505629,2026-05-27,Damaged,173.04,1
RET-900604,ORD-505635,2026-06-10,Changed mind,32.23,1
RET-900605,ORD-505652,2026-05-29,Wrong item,88.61,0
RET-900606,ORD-505671,2026-06-10,Wrong item,345.32,0
RET-900607,ORD-505687,2026-06-05,Changed mind,183.47,1
RET-900608,ORD-505691,2026-06-07,Late delivery,132.97,0
RET-900609,ORD-505714,2026-06-06,Late delivery,358.08,1
RET-900610,ORD-505726,2026-06-15,Late delivery,186.76,1
RET-900611,ORD-505734,2026-06-06,Changed mind,586.66,0
RET-900612,ORD-505750,2026-06-10,Quality issue,131.58,1
RET-900613,ORD-505754,2026-06-13,Damaged,137.39,1
RET-900614,ORD-505778,2026-06-14,Changed mind,122.26,1
RET-900615,ORD-505788,2026-06-09,Damaged,130.88,0
RET-900616,ORD-505799,2026-06-04,Quality issue,131.11,1
RET-900617,ORD-505807,2026-06-14,Late delivery,72.76,1
RET-900618,ORD-505809,2026-06-16,Damaged,156.59,1
RET-900619,ORD-505817,2026-06-05,Damaged,74.71,0
RET-900620,ORD-505825,2026-06-16,Quality issue,30.09,1
RET-900621,ORD-505828,2026-06-13,Changed mind,435.82,0
RET-900622,ORD-505833,2026-06-14,Changed mind,140.24,1
RET-900623,ORD-505843,2026-06-09,Late delivery,181.9,1
RET-900624,ORD-505845,2026-06-17,Wrong item,457.41,1
RET-900625,ORD-505850,2026-06-11,Late delivery,169.85,0
RET-900626,ORD-505852,2026-06-21,Damaged,293.75,1
RET-900627,ORD-505853,2026-06-15,Wrong item,121.32,1
RET-900628,ORD-505855,2026-06-02,Changed mind,455.56,1
RET-900629,ORD-505864,2026-06-04,Damaged,284.08,1
RET-900630,ORD-505866,2026-06-18,Changed mind,642.1,1
RET-900631,ORD-505881,2026-06-07,Changed mind,122.35,1
RET-900632,ORD-505891,2026-06-13,Damaged,159.61,1
RET-900633,ORD-505893,2026-06-10,Changed mind,108.24,1
RET-900634,ORD-505899,2026-06-04,Quality issue,111.21,1
RET-900635,ORD-505912,2026-06-06,Damaged,102.88,0
RET-900636,ORD-505913,2026-06-07,Quality issue,175.35,0
RET-900637,ORD-505930,2026-06-07,Quality issue,381.44,1
RET-900638,ORD-505934,2026-06-06,Damaged,123.08,1
RET-900639,ORD-505967,2026-06-10,Wrong item,150.07,1
RET-900640,ORD-505969,2026-06-10,Damaged,77.86,1
RET-900641,ORD-505971,2026-06-14,Changed mind,93.08,1
RET-900642,ORD-505975,2026-06-06,Damaged,31.81,1
RET-900643,ORD-505976,2026-06-11,Late delivery,166.71,1
RET-900644,ORD-506002,2026-06-23,Late delivery,234.34,1
RET-900645,ORD-506016,2026-06-24,Quality issue,33.51,1
RET-900646,ORD-506049,2026-06-19,Quality issue,441.22,1
RET-900647,ORD-506071,2026-06-26,Quality issue,92.67,0
RET-900648,ORD-506072,2026-06-17,Changed mind,125.14,0
RET-900649,ORD-506088,2026-06-28,Quality issue,400.31,1
RET-900650,ORD-506091,2026-06-11,Wrong item,210.27,0
RET-900651,ORD-506098,2026-06-13,Changed mind,105.21,1
RET-900652,ORD-506110,2026-06-10,Quality issue,157.17,0
RET-900653,ORD-506116,2026-06-18,Changed mind,33.0,1
RET-900654,ORD-506141,2026-06-29,Changed mind,160.38,1
RET-900655,ORD-506150,2026-06-26,Wrong item,91.45,1
RET-900656,ORD-506152,2026-06-22,Wrong item,143.76,1
RET-900657,ORD-506163,2026-06-12,Damaged,350.33,1
RET-900658,ORD-506167,2026-06-18,Damaged,153.88,1
RET-900659,ORD-506173,2026-06-14,Quality issue,142.06,1
RET-900660,ORD-506181,2026-06-24,Changed mind,112.68,1
RET-900661,ORD-506182,2026-07-01,Quality issue,31.06,1
RET-900662,ORD-506186,2026-06-20,Changed mind,224.96,1
RET-900663,ORD-506194,2026-06-19,Quality issue,28.52,0
RET-900664,ORD-506227,2026-07-06,Wrong item,191.33,1
RET-900665,ORD-506231,2026-06-16,Late delivery,148.87,1
RET-900666,ORD-506232,2026-06-29,Changed mind,228.67,1
RET-900667,ORD-506238,2026-06-17,Quality issue,311.8,0
RET-900668,ORD-506246,2026-06-21,Quality issue,120.55,1
RET-900669,ORD-506252,2026-06-20,Changed mind,400.59,0
RET-900670,ORD-506258,2026-06-25,Damaged,114.63,1
RET-900671,ORD-506279,2026-06-26,Damaged,141.94,0
RET-900672,ORD-506291,2026-07-02,Changed mind,63.01,0
RET-900673,ORD-506305,2026-06-22,Changed mind,27.77,1
RET-900674,ORD-506325,2026-06-22,Quality issue,122.32,1
RET-900675,ORD-506343,2026-06-29,Changed mind,152.91,1
RET-900676,ORD-506358,2026-07-02,Quality issue,78.58,0
RET-900677,ORD-506373,2026-06-20,Damaged,62.1,1
RET-900678,ORD-506382,2026-06-29,Late delivery,205.78,1
RET-900679,ORD-506409,2026-06-22,Quality issue,76.75,0
RET-900680,ORD-506418,2026-06-21,Late delivery,238.24,1
RET-900681,ORD-506434,2026-06-26,Late delivery,213.06,1
RET-900682,ORD-506436,2026-06-30,Quality issue,294.24,1
RET-900683,ORD-506442,2026-06-23,Quality issue,58.12,0
RET-900684,ORD-506447,2026-06-27,Quality issue,159.85,1
RET-900685,ORD-506448,2026-07-01,Late delivery,169.79,1
RET-900686,ORD-506470,2026-07-04,Wrong item,158.16,1
RET-900687,ORD-506471,2026-07-05,Wrong item,150.78,1
RET-900688,ORD-506481,2026-07-02,Damaged,104.3,1
RET-900689,ORD-506484,2026-06-20,Late delivery,202.34,1
RET-900690,ORD-506485,2026-06-30,Changed mind,334.66,1
RET-900691,ORD-506487,2026-06-18,Quality issue,334.94,1
RET-900692,ORD-506497,2026-07-03,Quality issue,220.64,0
RET-900693,ORD-506498,2026-06-30,Quality issue,99.56,1
RET-900694,ORD-506515,2026-06-26,Late delivery,130.89,1
RET-900695,ORD-506533,2026-06-19,Quality issue,160.01,1
RET-900696,ORD-506540,2026-07-04,Damaged,170.22,1
RET-900697,ORD-506550,2026-06-17,Late delivery,119.71,1
RET-900698,ORD-506553,2026-06-29,Late delivery,30.26,1
RET-900699,ORD-506560,2026-06-29,Wrong item,212.02,1
RET-900700,ORD-506563,2026-06-24,Wrong item,52.1,1
RET-900701,ORD-506567,2026-06-24,Late delivery,205.53,0
RET-900702,ORD-506585,2026-06-30,Changed mind,449.26,0
RET-900703,ORD-506587,2026-06-19,Quality issue,119.53,1
RET-900704,ORD-506588,2026-07-03,Late delivery,77.0,1
RET-900705,ORD-506597,2026-07-01,Quality issue,376.38,1
RET-900706,ORD-506606,2026-07-08,Late delivery,28.55,1
RET-900707,ORD-506618,2026-06-23,Changed mind,183.43,1
RET-900708,ORD-506624,2026-06-23,Late delivery,196.52,0
RET-900709,ORD-506628,2026-07-07,Wrong item,231.46,1
RET-900710,ORD-506629,2026-06-25,Wrong item,73.49,1
RET-900711,ORD-506636,2026-06-28,Late delivery,278.26,1
RET-900712,ORD-506644,2026-06-24,Wrong item,288.1,1
RET-900713,ORD-506656,2026-07-04,Damaged,30.18,1
RET-900714,ORD-506660,2026-07-02,Damaged,95.78,1
RET-900715,ORD-506662,2026-06-25,Damaged,679.88,1
RET-900716,ORD-506664,2026-07-08,Damaged,186.12,1
RET-900717,ORD-506668,2026-06-29,Changed mind,131.54,1
RET-900718,ORD-506670,2026-07-11,Damaged,114.94,1
RET-900719,ORD-506671,2026-07-08,Wrong item,128.86,1
RET-900720,ORD-506680,2026-06-23,Quality issue,60.39,1
RET-900721,ORD-506687,2026-06-30,Damaged,174.14,1
RET-900722,ORD-506691,2026-06-23,Damaged,91.85,1
RET-900723,ORD-506693,2026-07-11,Late delivery,149.51,1
RET-900724,ORD-506697,2026-07-07,Changed mind,162.09,0
RET-900725,ORD-506706,2026-07-06,Quality issue,101.02,1
RET-900726,ORD-506713,2026-07-04,Wrong item,33.87,1
RET-900727,ORD-506716,2026-06-23,Changed mind,93.17,1
RET-900728,ORD-506729,2026-07-13,Wrong item,120.61,1
RET-900729,ORD-506757,2026-07-06,Quality issue,108.95,1
RET-900730,ORD-506762,2026-06-29,Damaged,206.32,1
RET-900731,ORD-506763,2026-07-13,Late delivery,229.38,1
RET-900732,ORD-506767,2026-07-01,Quality issue,245.4,1
RET-900733,ORD-506768,2026-07-04,Wrong item,182.5,1
RET-900734,ORD-506770,2026-07-05,Quality issue,98.29,1
RET-900735,ORD-506777,2026-07-03,Late delivery,179.21,0
RET-900736,ORD-506793,2026-07-08,Late delivery,406.24,0
RET-900737,ORD-506800,2026-07-13,Damaged,153.75,1
RET-900738,ORD-506809,2026-07-10,Damaged,109.35,0
RET-900739,ORD-506811,2026-07-13,Damaged,168.2,0
RET-900740,ORD-506812,2026-07-13,Quality issue,363.78,1
RET-900741,ORD-506822,2026-07-14,Late delivery,273.22,1
RET-900742,ORD-506826,2026-07-08,Wrong item,803.72,1
RET-900743,ORD-506833,2026-07-01,Late delivery,127.06,0
RET-900744,ORD-506848,2026-07-08,Damaged,99.27,1
RET-900745,ORD-506857,2026-07-04,Quality issue,57.4,1
RET-900746,ORD-506868,2026-07-14,Wrong item,703.72,1
RET-900747,ORD-506881,2026-07-09,Late delivery,462.32,1
RET-900748,ORD-506884,2026-07-10,Damaged,58.34,0
RET-900749,ORD-506914,2026-07-08,Damaged,420.98,0
RET-900750,ORD-506926,2026-07-19,Changed mind,82.07,1
RET-900751,ORD-506930,2026-07-03,Late delivery,104.34,1
RET-900752,ORD-506937,2026-07-18,Damaged,23.48,0
RET-900753,ORD-506939,2026-07-08,Wrong item,63.4,1
RET-900754,ORD-506944,2026-07-19,Wrong item,311.25,1
RET-900755,ORD-506968,2026-07-06,Late delivery,355.45,0
RET-900756,ORD-506970,2026-07-09,Late delivery,202.2,1
RET-900757,ORD-506973,2026-07-19,Late delivery,372.64,0
RET-900758,ORD-506984,2026-07-09,Quality issue,85.89,1
RET-900759,ORD-506985,2026-07-07,Damaged,65.99,1
RET-900760,ORD-506988,2026-07-17,Late delivery,308.47,1
RET-900761,ORD-506991,2026-07-04,Damaged,205.79,0
RET-900762,ORD-506998,2026-07-04,Wrong item,76.69,0
RET-900763,ORD-507004,2026-07-09,Quality issue,248.48,1
RET-900764,ORD-507018,2026-07-10,Wrong item,79.84,0
RET-900765,ORD-507028,2026-07-20,Damaged,78.18,0
RET-900766,ORD-507044,2026-07-10,Quality issue,226.56,1
RET-900767,ORD-507049,2026-07-20,Damaged,274.97,1
RET-900768,ORD-507053,2026-07-09,Late delivery,80.42,1
RET-900769,ORD-507057,2026-07-03,Wrong item,62.49,1
RET-900770,ORD-507058,2026-07-16,Late delivery,225.91,0
RET-900771,ORD-507096,2026-07-10,Wrong item,213.55,1
RET-900772,ORD-507104,2026-07-23,Changed mind,128.1,1
RET-900773,ORD-507118,2026-07-19,Late delivery,178.52,0
RET-900774,ORD-507155,2026-07-17,Changed mind,55.95,1
RET-900775,ORD-507161,2026-07-13,Quality issue,242.12,1
RET-900776,ORD-507173,2026-07-09,Damaged,215.09,1
RET-900777,ORD-507181,2026-07-11,Quality issue,198.86,1
RET-900778,ORD-507187,2026-07-23,Quality issue,222.6,1
RET-900779,ORD-507190,2026-07-13,Changed mind,99.01,1
RET-900780,ORD-507194,2026-07-15,Wrong item,32.6,0
RET-900781,ORD-507201,2026-07-12,Quality issue,96.27,0
RET-900782,ORD-507211,2026-07-24,Quality issue,196.75,1
RET-900783,ORD-507215,2026-07-24,Late delivery,173.98,1
RET-900784,ORD-507218,2026-07-07,Wrong item,279.44,1
RET-900785,ORD-507223,2026-07-12,Quality issue,97.03,0
